row_index,split,group_id,group_key_sha256,source,target_class,has_efficiency,has_particle_size,has_zeta_potential,has_pdi,has_encapsulation,has_toxicity
0,training,G054,f46113dec8501b2fbab18f16556060361bd056e02937eec13fc4939fffddf6df,LNP_ML,generic_cell,True,False,False,False,False,False
1,training,G054,f46113dec8501b2fbab18f16556060361bd056e02937eec13fc4939fffddf6df,LNP_ML,generic_cell,True,False,False,False,False,False
2,training,G003,5b469782be8297297283c45028103dbf72960b41756342004a63fe47723fc68d,LNP_Atlas,lung,False,True,True,True,True,False
3,training,G056,45e59895219065e084f1f3c102a02b88dfee45730a0411d01cde69d4137c8edf,LNP_ML,generic_cell,True,False,False,False,False,False
4,training,G029,94e002c3584f7b20f33cd919fdbf02025fda03a20f62802e48aed01e2912c742,LNP_ML,generic_cell,True,False,False,False,False,False
5,training,G048,4f025592182de35f74f08aad9c3a8123385a76fea1f91328a49c00d212892558,LNP_ML,generic_cell,True,False,False,False,False,False
6,training,G057,b4e3b12613ee20a6fcd87651eb2579a43ea43a5c1d6d775c3996c0e7f3c4b661,LNP_ML,generic_cell,True,False,False,False,False,False
7,training,G036,2820a7fa5b5483f2e947545f345339da833b85904eac56b9f08165d2c401cd40,LNP_ML,muscle,True,False,False,False,False,False
9,training,G057,b4e3b12613ee20a6fcd87651eb2579a43ea43a5c1d6d775c3996c0e7f3c4b661,LNP_ML,generic_cell,True,False,False,False,False,False
10,training,G019,6e537dbee789cdbd9e616c5cc5775f5f6e21f249afbca4ece299e06ddb2e8d05,LNP_Atlas,other,False,True,False,True,True,False
11,training,G041,81db608a013a0aa8dd006fb003f882db2c383a739d5cff70f9228de109c231ef,LNP_ML,generic_cell,True,False,False,False,False,False
12,training,G041,81db608a013a0aa8dd006fb003f882db2c383a739d5cff70f9228de109c231ef,LNP_ML,generic_cell,True,False,False,False,False,False
13,training,G055,13fd3d5f0d855c9b785cf92a85bb99b31c03082814e366943aebbf7a5c9f90f7,LNP_ML,liver,True,False,False,False,False,False
14,training,G028,da90ef346ab3ab03fcbfb9364ddd710703c19b1b769b617cd83dfab1fdcf32a6,LNP_ML,lung_epithelium,True,False,False,False,False,False
15,training,G030,078c8228b1ea4706c86fac1ecf66d78a84959a8f2d83cb014c2768d4a54684ef,LNP_ML,macrophage,True,False,False,False,False,False
16,training,G029,94e002c3584f7b20f33cd919fdbf02025fda03a20f62802e48aed01e2912c742,LNP_ML,generic_cell,True,False,False,False,False,False
17,training,G057,b4e3b12613ee20a6fcd87651eb2579a43ea43a5c1d6d775c3996c0e7f3c4b661,LNP_ML,generic_cell,True,False,False,False,False,False
18,training,G030,078c8228b1ea4706c86fac1ecf66d78a84959a8f2d83cb014c2768d4a54684ef,LNP_ML,macrophage,True,False,False,False,False,False
19,training,G057,b4e3b12613ee20a6fcd87651eb2579a43ea43a5c1d6d775c3996c0e7f3c4b661,LNP_ML,generic_cell,True,False,False,False,False,False
20,training,G030,078c8228b1ea4706c86fac1ecf66d78a84959a8f2d83cb014c2768d4a54684ef,LNP_ML,macrophage,True,False,False,False,False,False
21,training,G030,078c8228b1ea4706c86fac1ecf66d78a84959a8f2d83cb014c2768d4a54684ef,LNP_ML,macrophage,True,False,False,False,False,False
23,training,G029,94e002c3584f7b20f33cd919fdbf02025fda03a20f62802e48aed01e2912c742,LNP_ML,generic_cell,True,False,False,False,False,False
24,training,G027,e15cc8e6e3c3fd5e82925f5d53bd06a6c8a0cecb34169c771ea68f91c506b246,LNP_ML,lung_epithelium,True,False,False,False,False,False
25,training,G027,e15cc8e6e3c3fd5e82925f5d53bd06a6c8a0cecb34169c771ea68f91c506b246,LNP_ML,lung_epithelium,True,False,False,False,False,False
27,training,G029,94e002c3584f7b20f33cd919fdbf02025fda03a20f62802e48aed01e2912c742,LNP_ML,generic_cell,True,False,False,False,False,False
28,training,G027,e15cc8e6e3c3fd5e82925f5d53bd06a6c8a0cecb34169c771ea68f91c506b246,LNP_ML,lung_epithelium,True,False,False,False,False,False
29,training,G046,a18c68a9f46854b1965ecf27a7348129876e513e694554b604e7723a24d8b351,LNP_ML,liver,True,False,False,False,False,False
30,training,G057,b4e3b12613ee20a6fcd87651eb2579a43ea43a5c1d6d775c3996c0e7f3c4b661,LNP_ML,generic_cell,True,False,False,False,False,False
31,training,G054,f46113dec8501b2fbab18f16556060361bd056e02937eec13fc4939fffddf6df,LNP_ML,generic_cell,True,False,False,False,False,False
33,training,G030,078c8228b1ea4706c86fac1ecf66d78a84959a8f2d83cb014c2768d4a54684ef,LNP_ML,macrophage,True,False,False,False,False,False
34,training,G054,f46113dec8501b2fbab18f16556060361bd056e02937eec13fc4939fffddf6df,LNP_ML,generic_cell,True,False,False,False,False,False
35,training,G057,b4e3b12613ee20a6fcd87651eb2579a43ea43a5c1d6d775c3996c0e7f3c4b661,LNP_ML,generic_cell,True,False,False,False,False,False
38,training,G027,e15cc8e6e3c3fd5e82925f5d53bd06a6c8a0cecb34169c771ea68f91c506b246,LNP_ML,lung_epithelium,True,False,False,False,False,False
40,training,G057,b4e3b12613ee20a6fcd87651eb2579a43ea43a5c1d6d775c3996c0e7f3c4b661,LNP_ML,generic_cell,True,False,False,False,False,False
41,training,G048,4f025592182de35f74f08aad9c3a8123385a76fea1f91328a49c00d212892558,LNP_ML,generic_cell,True,False,False,False,False,False
42,training,G030,078c8228b1ea4706c86fac1ecf66d78a84959a8f2d83cb014c2768d4a54684ef,LNP_ML,macrophage,True,False,False,False,False,False
45,training,G054,f46113dec8501b2fbab18f16556060361bd056e02937eec13fc4939fffddf6df,LNP_ML,generic_cell,True,False,False,False,False,False
46,training,G054,f46113dec8501b2fbab18f16556060361bd056e02937eec13fc4939fffddf6df,LNP_ML,generic_cell,True,False,False,False,False,False
47,training,G054,f46113dec8501b2fbab18f16556060361bd056e02937eec13fc4939fffddf6df,LNP_ML,generic_cell,True,False,False,False,False,False
48,training,G030,078c8228b1ea4706c86fac1ecf66d78a84959a8f2d83cb014c2768d4a54684ef,LNP_ML,macrophage,True,False,False,False,False,False
49,training,G041,81db608a013a0aa8dd006fb003f882db2c383a739d5cff70f9228de109c231ef,LNP_ML,generic_cell,True,False,False,False,False,False
50,training,G057,b4e3b12613ee20a6fcd87651eb2579a43ea43a5c1d6d775c3996c0e7f3c4b661,LNP_ML,generic_cell,True,False,False,False,False,False
51,training,G054,f46113dec8501b2fbab18f16556060361bd056e02937eec13fc4939fffddf6df,LNP_ML,generic_cell,True,False,False,False,False,False
52,training,G029,94e002c3584f7b20f33cd919fdbf02025fda03a20f62802e48aed01e2912c742,LNP_ML,generic_cell,True,False,False,False,False,False
53,training,G057,b4e3b12613ee20a6fcd87651eb2579a43ea43a5c1d6d775c3996c0e7f3c4b661,LNP_ML,generic_cell,True,False,False,False,False,False
55,training,G041,81db608a013a0aa8dd006fb003f882db2c383a739d5cff70f9228de109c231ef,LNP_ML,generic_cell,True,False,False,False,False,False
56,training,G057,b4e3b12613ee20a6fcd87651eb2579a43ea43a5c1d6d775c3996c0e7f3c4b661,LNP_ML,generic_cell,True,False,False,False,False,False
57,training,G054,f46113dec8501b2fbab18f16556060361bd056e02937eec13fc4939fffddf6df,LNP_ML,generic_cell,True,False,False,False,False,False
58,training,G029,94e002c3584f7b20f33cd919fdbf02025fda03a20f62802e48aed01e2912c742,LNP_ML,generic_cell,True,False,False,False,False,False
61,training,G023,4f8f1684c501238b8b8bcbec308f689b6ee2cb9c32e97f5cd93d895cdf091196,LNP_Atlas,liver,False,True,False,False,False,False
62,training,G041,81db608a013a0aa8dd006fb003f882db2c383a739d5cff70f9228de109c231ef,LNP_ML,generic_cell,True,False,False,False,False,False
63,training,G054,f46113dec8501b2fbab18f16556060361bd056e02937eec13fc4939fffddf6df,LNP_ML,generic_cell,True,False,False,False,False,False
64,training,G041,81db608a013a0aa8dd006fb003f882db2c383a739d5cff70f9228de109c231ef,LNP_ML,generic_cell,True,False,False,False,False,False
66,training,G054,f46113dec8501b2fbab18f16556060361bd056e02937eec13fc4939fffddf6df,LNP_ML,generic_cell,True,False,False,False,False,False
69,training,G030,078c8228b1ea4706c86fac1ecf66d78a84959a8f2d83cb014c2768d4a54684ef,LNP_ML,macrophage,True,False,False,False,False,False
71,training,G057,b4e3b12613ee20a6fcd87651eb2579a43ea43a5c1d6d775c3996c0e7f3c4b661,LNP_ML,generic_cell,True,False,False,False,False,False
72,training,G046,a18c68a9f46854b1965ecf27a7348129876e513e694554b604e7723a24d8b351,LNP_ML,liver,True,False,False,False,False,False
73,training,G043,3b6bca6ee03330339c32916b0a53b570c41a94f66a354c35994c2491b4c12c35,LNP_ML,generic_cell,True,False,False,False,False,False
75,training,G027,e15cc8e6e3c3fd5e82925f5d53bd06a6c8a0cecb34169c771ea68f91c506b246,LNP_ML,lung_epithelium,True,False,False,False,False,False
77,training,G048,4f025592182de35f74f08aad9c3a8123385a76fea1f91328a49c00d212892558,LNP_ML,generic_cell,True,False,False,False,False,False
78,training,G031,efda46f30d9e2c8196de5e65ca0fc73215ca7cbccec5e48a4aaf84d76e361465,LNP_ML,generic_cell,True,False,False,False,False,False
79,training,G027,e15cc8e6e3c3fd5e82925f5d53bd06a6c8a0cecb34169c771ea68f91c506b246,LNP_ML,lung_epithelium,True,False,False,False,False,False
80,training,G029,94e002c3584f7b20f33cd919fdbf02025fda03a20f62802e48aed01e2912c742,LNP_ML,generic_cell,True,False,False,False,False,False
82,training,G057,b4e3b12613ee20a6fcd87651eb2579a43ea43a5c1d6d775c3996c0e7f3c4b661,LNP_ML,generic_cell,True,False,False,False,False,False
83,training,G046,a18c68a9f46854b1965ecf27a7348129876e513e694554b604e7723a24d8b351,LNP_ML,liver,True,False,False,False,False,False
84,training,G056,45e59895219065e084f1f3c102a02b88dfee45730a0411d01cde69d4137c8edf,LNP_ML,generic_cell,True,False,False,False,False,False
85,training,G057,b4e3b12613ee20a6fcd87651eb2579a43ea43a5c1d6d775c3996c0e7f3c4b661,LNP_ML,generic_cell,True,False,False,False,False,False
86,training,G050,15fcf9898e3f9da60bfd0d8ef2ef537ddefaf80375661c194c30c907be063903,LNP_ML,liver,True,False,False,False,False,False
87,training,G057,b4e3b12613ee20a6fcd87651eb2579a43ea43a5c1d6d775c3996c0e7f3c4b661,LNP_ML,generic_cell,True,False,False,False,False,False
90,training,G054,f46113dec8501b2fbab18f16556060361bd056e02937eec13fc4939fffddf6df,LNP_ML,generic_cell,True,False,False,False,False,False
91,training,G057,b4e3b12613ee20a6fcd87651eb2579a43ea43a5c1d6d775c3996c0e7f3c4b661,LNP_ML,generic_cell,True,False,False,False,False,False
93,training,G055,13fd3d5f0d855c9b785cf92a85bb99b31c03082814e366943aebbf7a5c9f90f7,LNP_ML,liver,True,False,False,False,False,False
94,training,G012,c65fa7d063ba812a54de04f73cae0f970fdc43d7949e99e354f97ac0fd5dab42,LNP_Atlas,lung,False,True,False,True,False,False
95,training,G057,b4e3b12613ee20a6fcd87651eb2579a43ea43a5c1d6d775c3996c0e7f3c4b661,LNP_ML,generic_cell,True,False,False,False,False,False
97,training,G057,b4e3b12613ee20a6fcd87651eb2579a43ea43a5c1d6d775c3996c0e7f3c4b661,LNP_ML,generic_cell,True,False,False,False,False,False
98,training,G043,3b6bca6ee03330339c32916b0a53b570c41a94f66a354c35994c2491b4c12c35,LNP_ML,generic_cell,True,False,False,False,False,False
101,training,G046,a18c68a9f46854b1965ecf27a7348129876e513e694554b604e7723a24d8b351,LNP_ML,liver,True,False,False,False,False,False
102,training,G057,b4e3b12613ee20a6fcd87651eb2579a43ea43a5c1d6d775c3996c0e7f3c4b661,LNP_ML,generic_cell,True,False,False,False,False,False
103,training,G019,6e537dbee789cdbd9e616c5cc5775f5f6e21f249afbca4ece299e06ddb2e8d05,LNP_Atlas,liver,False,True,False,True,True,False
104,training,G057,b4e3b12613ee20a6fcd87651eb2579a43ea43a5c1d6d775c3996c0e7f3c4b661,LNP_ML,generic_cell,True,False,False,False,False,False
105,training,G015,0f13b18feab73267958fb025ce19f486208fc77ea7b37e3646101edd8cacecf7,LNP_Atlas,other,False,True,True,True,True,False
106,training,G054,f46113dec8501b2fbab18f16556060361bd056e02937eec13fc4939fffddf6df,LNP_ML,generic_cell,True,False,False,False,False,False
107,training,G033,bbc314ddcaecc6c2ec39d635bebc581e1d73f7fcba5f34b05f4ffd48ca6447b6,LNP_ML,liver,True,False,False,False,False,False
108,training,G048,4f025592182de35f74f08aad9c3a8123385a76fea1f91328a49c00d212892558,LNP_ML,generic_cell,True,False,False,False,False,False
110,training,G056,45e59895219065e084f1f3c102a02b88dfee45730a0411d01cde69d4137c8edf,LNP_ML,generic_cell,True,False,False,False,False,False
111,training,G054,f46113dec8501b2fbab18f16556060361bd056e02937eec13fc4939fffddf6df,LNP_ML,generic_cell,True,False,False,False,False,False
113,training,G029,94e002c3584f7b20f33cd919fdbf02025fda03a20f62802e48aed01e2912c742,LNP_ML,generic_cell,True,False,False,False,False,False
114,training,G002,6949cf1fb9955f200615229855bc8c022c4d093801cbfdb513ae7c91d26dbda5,LNP_Atlas,spleen,False,True,False,True,True,False
116,training,G041,81db608a013a0aa8dd006fb003f882db2c383a739d5cff70f9228de109c231ef,LNP_ML,generic_cell,True,False,False,False,False,False
117,training,G031,efda46f30d9e2c8196de5e65ca0fc73215ca7cbccec5e48a4aaf84d76e361465,LNP_ML,generic_cell,True,False,False,False,False,False
118,training,G036,2820a7fa5b5483f2e947545f345339da833b85904eac56b9f08165d2c401cd40,LNP_ML,muscle,True,False,False,False,False,False
120,training,G031,efda46f30d9e2c8196de5e65ca0fc73215ca7cbccec5e48a4aaf84d76e361465,LNP_ML,generic_cell,True,False,False,False,False,False
121,training,G048,4f025592182de35f74f08aad9c3a8123385a76fea1f91328a49c00d212892558,LNP_ML,generic_cell,True,False,False,False,False,False
122,training,G057,b4e3b12613ee20a6fcd87651eb2579a43ea43a5c1d6d775c3996c0e7f3c4b661,LNP_ML,generic_cell,True,False,False,False,False,False
125,training,G046,a18c68a9f46854b1965ecf27a7348129876e513e694554b604e7723a24d8b351,LNP_ML,liver,True,False,False,False,False,False
126,training,G033,bbc314ddcaecc6c2ec39d635bebc581e1d73f7fcba5f34b05f4ffd48ca6447b6,LNP_ML,liver,True,False,False,False,False,False
127,training,G030,078c8228b1ea4706c86fac1ecf66d78a84959a8f2d83cb014c2768d4a54684ef,LNP_ML,macrophage,True,False,False,False,False,False
128,training,G027,e15cc8e6e3c3fd5e82925f5d53bd06a6c8a0cecb34169c771ea68f91c506b246,LNP_ML,lung_epithelium,True,False,False,False,False,False
130,training,G030,078c8228b1ea4706c86fac1ecf66d78a84959a8f2d83cb014c2768d4a54684ef,LNP_ML,macrophage,True,False,False,False,False,False
132,training,G057,b4e3b12613ee20a6fcd87651eb2579a43ea43a5c1d6d775c3996c0e7f3c4b661,LNP_ML,generic_cell,True,False,False,False,False,False
133,training,G054,f46113dec8501b2fbab18f16556060361bd056e02937eec13fc4939fffddf6df,LNP_ML,generic_cell,True,False,False,False,False,False
134,training,G057,b4e3b12613ee20a6fcd87651eb2579a43ea43a5c1d6d775c3996c0e7f3c4b661,LNP_ML,generic_cell,True,False,False,False,False,False
135,training,G030,078c8228b1ea4706c86fac1ecf66d78a84959a8f2d83cb014c2768d4a54684ef,LNP_ML,macrophage,True,False,False,False,False,False
136,training,G041,81db608a013a0aa8dd006fb003f882db2c383a739d5cff70f9228de109c231ef,LNP_ML,generic_cell,True,False,False,False,False,False
138,training,G030,078c8228b1ea4706c86fac1ecf66d78a84959a8f2d83cb014c2768d4a54684ef,LNP_ML,macrophage,True,False,False,False,False,False
140,training,G041,81db608a013a0aa8dd006fb003f882db2c383a739d5cff70f9228de109c231ef,LNP_ML,generic_cell,True,False,False,False,False,False
141,training,G041,81db608a013a0aa8dd006fb003f882db2c383a739d5cff70f9228de109c231ef,LNP_ML,generic_cell,True,False,False,False,False,False
142,training,G027,e15cc8e6e3c3fd5e82925f5d53bd06a6c8a0cecb34169c771ea68f91c506b246,LNP_ML,lung_epithelium,True,False,False,False,False,False
143,training,G030,078c8228b1ea4706c86fac1ecf66d78a84959a8f2d83cb014c2768d4a54684ef,LNP_ML,macrophage,True,False,False,False,False,False
144,training,G029,94e002c3584f7b20f33cd919fdbf02025fda03a20f62802e48aed01e2912c742,LNP_ML,generic_cell,True,False,False,False,False,False
145,training,G057,b4e3b12613ee20a6fcd87651eb2579a43ea43a5c1d6d775c3996c0e7f3c4b661,LNP_ML,generic_cell,True,False,False,False,False,False
148,training,G029,94e002c3584f7b20f33cd919fdbf02025fda03a20f62802e48aed01e2912c742,LNP_ML,generic_cell,True,False,False,False,False,False
149,training,G048,4f025592182de35f74f08aad9c3a8123385a76fea1f91328a49c00d212892558,LNP_ML,generic_cell,True,False,False,False,False,False
150,training,G042,c41e09d12aecadc06c33d081fbb35ca577675e07b4370127c6a37bcf7befddb8,LNP_ML,generic_cell,True,False,False,False,False,False
151,training,G057,b4e3b12613ee20a6fcd87651eb2579a43ea43a5c1d6d775c3996c0e7f3c4b661,LNP_ML,generic_cell,True,False,False,False,False,False
153,training,G056,45e59895219065e084f1f3c102a02b88dfee45730a0411d01cde69d4137c8edf,LNP_ML,generic_cell,True,False,False,False,False,False
154,training,G048,4f025592182de35f74f08aad9c3a8123385a76fea1f91328a49c00d212892558,LNP_ML,generic_cell,True,False,False,False,False,False
155,training,G057,b4e3b12613ee20a6fcd87651eb2579a43ea43a5c1d6d775c3996c0e7f3c4b661,LNP_ML,generic_cell,True,False,False,False,False,False
156,training,G055,13fd3d5f0d855c9b785cf92a85bb99b31c03082814e366943aebbf7a5c9f90f7,LNP_ML,liver,True,False,False,False,False,False
157,training,G048,4f025592182de35f74f08aad9c3a8123385a76fea1f91328a49c00d212892558,LNP_ML,generic_cell,True,False,False,False,False,False
158,training,G029,94e002c3584f7b20f33cd919fdbf02025fda03a20f62802e48aed01e2912c742,LNP_ML,generic_cell,True,False,False,False,False,False
160,training,G041,81db608a013a0aa8dd006fb003f882db2c383a739d5cff70f9228de109c231ef,LNP_ML,generic_cell,True,False,False,False,False,False
161,training,G057,b4e3b12613ee20a6fcd87651eb2579a43ea43a5c1d6d775c3996c0e7f3c4b661,LNP_ML,generic_cell,True,False,False,False,False,False
162,training,G048,4f025592182de35f74f08aad9c3a8123385a76fea1f91328a49c00d212892558,LNP_ML,generic_cell,True,False,False,False,False,False
163,training,G041,81db608a013a0aa8dd006fb003f882db2c383a739d5cff70f9228de109c231ef,LNP_ML,generic_cell,True,False,False,False,False,False
165,training,G041,81db608a013a0aa8dd006fb003f882db2c383a739d5cff70f9228de109c231ef,LNP_ML,generic_cell,True,False,False,False,False,False
166,training,G029,94e002c3584f7b20f33cd919fdbf02025fda03a20f62802e48aed01e2912c742,LNP_ML,generic_cell,True,False,False,False,False,False
167,training,G054,f46113dec8501b2fbab18f16556060361bd056e02937eec13fc4939fffddf6df,LNP_ML,generic_cell,True,False,False,False,False,False
168,training,G041,81db608a013a0aa8dd006fb003f882db2c383a739d5cff70f9228de109c231ef,LNP_ML,generic_cell,True,False,False,False,False,False
169,training,G041,81db608a013a0aa8dd006fb003f882db2c383a739d5cff70f9228de109c231ef,LNP_ML,generic_cell,True,False,False,False,False,False
170,training,G043,3b6bca6ee03330339c32916b0a53b570c41a94f66a354c35994c2491b4c12c35,LNP_ML,generic_cell,True,False,False,False,False,False
172,training,G031,efda46f30d9e2c8196de5e65ca0fc73215ca7cbccec5e48a4aaf84d76e361465,LNP_ML,generic_cell,True,False,False,False,False,False
173,training,G046,a18c68a9f46854b1965ecf27a7348129876e513e694554b604e7723a24d8b351,LNP_ML,liver,True,False,False,False,False,False
174,training,G042,c41e09d12aecadc06c33d081fbb35ca577675e07b4370127c6a37bcf7befddb8,LNP_ML,generic_cell,True,False,False,False,False,False
175,training,G057,b4e3b12613ee20a6fcd87651eb2579a43ea43a5c1d6d775c3996c0e7f3c4b661,LNP_ML,generic_cell,True,False,False,False,False,False
177,training,G011,7f737e131d2bba59ed2de68348fedd8fa7459a608d07d653d8573ad6ae13da71,LNP_Atlas,other,False,True,True,True,True,False
178,training,G057,b4e3b12613ee20a6fcd87651eb2579a43ea43a5c1d6d775c3996c0e7f3c4b661,LNP_ML,generic_cell,True,False,False,False,False,False
179,training,G044,62f44f14ea35ef7328dbb396cbe47c5bbde53cc0d830a132e4dd33dddb134d67,LNP_ML,generic_cell,True,False,False,False,False,False
180,training,G041,81db608a013a0aa8dd006fb003f882db2c383a739d5cff70f9228de109c231ef,LNP_ML,generic_cell,True,False,False,False,False,False
181,training,G030,078c8228b1ea4706c86fac1ecf66d78a84959a8f2d83cb014c2768d4a54684ef,LNP_ML,macrophage,True,False,False,False,False,False
182,training,G050,15fcf9898e3f9da60bfd0d8ef2ef537ddefaf80375661c194c30c907be063903,LNP_ML,liver,True,False,False,False,False,False
183,training,G024,d3e76a6eacd45e385218e48e90c6cabe78a5e1f57022cac3ec1d412663120ba1,LNP_Atlas,other,False,True,False,True,True,False
184,training,G029,94e002c3584f7b20f33cd919fdbf02025fda03a20f62802e48aed01e2912c742,LNP_ML,generic_cell,True,False,False,False,False,False
185,training,G027,e15cc8e6e3c3fd5e82925f5d53bd06a6c8a0cecb34169c771ea68f91c506b246,LNP_ML,lung_epithelium,True,False,False,False,False,False
187,training,G054,f46113dec8501b2fbab18f16556060361bd056e02937eec13fc4939fffddf6df,LNP_ML,generic_cell,True,False,False,False,False,False
190,training,G029,94e002c3584f7b20f33cd919fdbf02025fda03a20f62802e48aed01e2912c742,LNP_ML,generic_cell,True,False,False,False,False,False
191,training,G055,13fd3d5f0d855c9b785cf92a85bb99b31c03082814e366943aebbf7a5c9f90f7,LNP_ML,liver,True,False,False,False,False,False
193,training,G029,94e002c3584f7b20f33cd919fdbf02025fda03a20f62802e48aed01e2912c742,LNP_ML,generic_cell,True,False,False,False,False,False
194,training,G046,a18c68a9f46854b1965ecf27a7348129876e513e694554b604e7723a24d8b351,LNP_ML,liver,True,False,False,False,False,False
195,training,G054,f46113dec8501b2fbab18f16556060361bd056e02937eec13fc4939fffddf6df,LNP_ML,generic_cell,True,False,False,False,False,False
198,training,G027,e15cc8e6e3c3fd5e82925f5d53bd06a6c8a0cecb34169c771ea68f91c506b246,LNP_ML,lung_epithelium,True,False,False,False,False,False
199,training,G027,e15cc8e6e3c3fd5e82925f5d53bd06a6c8a0cecb34169c771ea68f91c506b246,LNP_ML,lung_epithelium,True,False,False,False,False,False
200,training,G046,a18c68a9f46854b1965ecf27a7348129876e513e694554b604e7723a24d8b351,LNP_ML,liver,True,False,False,False,False,False
201,training,G030,078c8228b1ea4706c86fac1ecf66d78a84959a8f2d83cb014c2768d4a54684ef,LNP_ML,macrophage,True,False,False,False,False,False
202,training,G048,4f025592182de35f74f08aad9c3a8123385a76fea1f91328a49c00d212892558,LNP_ML,generic_cell,True,False,False,False,False,False
203,training,G041,81db608a013a0aa8dd006fb003f882db2c383a739d5cff70f9228de109c231ef,LNP_ML,generic_cell,True,False,False,False,False,False
204,training,G057,b4e3b12613ee20a6fcd87651eb2579a43ea43a5c1d6d775c3996c0e7f3c4b661,LNP_ML,generic_cell,True,False,False,False,False,False
205,training,G052,b37b0e39cd4f7d16388d2a38b8c468a6c7007d3e702438806e42dd8707934c2f,LNP_ML,spleen,True,False,False,False,False,False
207,training,G046,a18c68a9f46854b1965ecf27a7348129876e513e694554b604e7723a24d8b351,LNP_ML,liver,True,False,False,False,False,False
208,training,G029,94e002c3584f7b20f33cd919fdbf02025fda03a20f62802e48aed01e2912c742,LNP_ML,generic_cell,True,False,False,False,False,False
209,training,G012,c65fa7d063ba812a54de04f73cae0f970fdc43d7949e99e354f97ac0fd5dab42,LNP_Atlas,lung,False,True,False,True,False,False
210,training,G027,e15cc8e6e3c3fd5e82925f5d53bd06a6c8a0cecb34169c771ea68f91c506b246,LNP_ML,lung_epithelium,True,False,False,False,False,False
211,training,G041,81db608a013a0aa8dd006fb003f882db2c383a739d5cff70f9228de109c231ef,LNP_ML,generic_cell,True,False,False,False,False,False
212,training,G042,c41e09d12aecadc06c33d081fbb35ca577675e07b4370127c6a37bcf7befddb8,LNP_ML,generic_cell,True,False,False,False,False,False
213,training,G057,b4e3b12613ee20a6fcd87651eb2579a43ea43a5c1d6d775c3996c0e7f3c4b661,LNP_ML,generic_cell,True,False,False,False,False,False
215,training,G030,078c8228b1ea4706c86fac1ecf66d78a84959a8f2d83cb014c2768d4a54684ef,LNP_ML,macrophage,True,False,False,False,False,False
216,training,G027,e15cc8e6e3c3fd5e82925f5d53bd06a6c8a0cecb34169c771ea68f91c506b246,LNP_ML,lung_epithelium,True,False,False,False,False,False
217,training,G057,b4e3b12613ee20a6fcd87651eb2579a43ea43a5c1d6d775c3996c0e7f3c4b661,LNP_ML,generic_cell,True,False,False,False,False,False
218,training,G056,45e59895219065e084f1f3c102a02b88dfee45730a0411d01cde69d4137c8edf,LNP_ML,generic_cell,True,False,False,False,False,False
219,training,G057,b4e3b12613ee20a6fcd87651eb2579a43ea43a5c1d6d775c3996c0e7f3c4b661,LNP_ML,generic_cell,True,False,False,False,False,False
221,training,G034,cfad4770845f8e3399267a856d2e480cc26466c7c32a09d96d5a69d7aca15ba1,LNP_ML,spleen,True,False,False,False,False,False
222,training,G057,b4e3b12613ee20a6fcd87651eb2579a43ea43a5c1d6d775c3996c0e7f3c4b661,LNP_ML,generic_cell,True,False,False,False,False,False
223,training,G029,94e002c3584f7b20f33cd919fdbf02025fda03a20f62802e48aed01e2912c742,LNP_ML,generic_cell,True,False,False,False,False,False
224,training,G029,94e002c3584f7b20f33cd919fdbf02025fda03a20f62802e48aed01e2912c742,LNP_ML,generic_cell,True,False,False,False,False,False
225,training,G054,f46113dec8501b2fbab18f16556060361bd056e02937eec13fc4939fffddf6df,LNP_ML,generic_cell,True,False,False,False,False,False
226,training,G046,a18c68a9f46854b1965ecf27a7348129876e513e694554b604e7723a24d8b351,LNP_ML,liver,True,False,False,False,False,False
227,training,G027,e15cc8e6e3c3fd5e82925f5d53bd06a6c8a0cecb34169c771ea68f91c506b246,LNP_ML,lung_epithelium,True,False,False,False,False,False
228,training,G046,a18c68a9f46854b1965ecf27a7348129876e513e694554b604e7723a24d8b351,LNP_ML,liver,True,False,False,False,False,False
230,training,G057,b4e3b12613ee20a6fcd87651eb2579a43ea43a5c1d6d775c3996c0e7f3c4b661,LNP_ML,generic_cell,True,False,False,False,False,False
231,training,G054,f46113dec8501b2fbab18f16556060361bd056e02937eec13fc4939fffddf6df,LNP_ML,generic_cell,True,False,False,False,False,False
232,training,G027,e15cc8e6e3c3fd5e82925f5d53bd06a6c8a0cecb34169c771ea68f91c506b246,LNP_ML,lung_epithelium,True,False,False,False,False,False
233,training,G010,3df4ae7f6198d63b0e225972a327e11db073e1abf0f963d31934aad7f1f6145d,LNP_Atlas,liver,False,True,False,True,False,False
234,training,G041,81db608a013a0aa8dd006fb003f882db2c383a739d5cff70f9228de109c231ef,LNP_ML,generic_cell,True,False,False,False,False,False
235,training,G028,da90ef346ab3ab03fcbfb9364ddd710703c19b1b769b617cd83dfab1fdcf32a6,LNP_ML,lung_epithelium,True,False,False,False,False,False
236,training,G028,da90ef346ab3ab03fcbfb9364ddd710703c19b1b769b617cd83dfab1fdcf32a6,LNP_ML,lung_epithelium,True,False,False,False,False,False
237,training,G029,94e002c3584f7b20f33cd919fdbf02025fda03a20f62802e48aed01e2912c742,LNP_ML,generic_cell,True,False,False,False,False,False
238,training,G054,f46113dec8501b2fbab18f16556060361bd056e02937eec13fc4939fffddf6df,LNP_ML,generic_cell,True,False,False,False,False,False
239,training,G041,81db608a013a0aa8dd006fb003f882db2c383a739d5cff70f9228de109c231ef,LNP_ML,generic_cell,True,False,False,False,False,False
241,training,G041,81db608a013a0aa8dd006fb003f882db2c383a739d5cff70f9228de109c231ef,LNP_ML,generic_cell,True,False,False,False,False,False
242,training,G031,efda46f30d9e2c8196de5e65ca0fc73215ca7cbccec5e48a4aaf84d76e361465,LNP_ML,generic_cell,True,False,False,False,False,False
247,training,G046,a18c68a9f46854b1965ecf27a7348129876e513e694554b604e7723a24d8b351,LNP_ML,liver,True,False,False,False,False,False
248,training,G029,94e002c3584f7b20f33cd919fdbf02025fda03a20f62802e48aed01e2912c742,LNP_ML,generic_cell,True,False,False,False,False,False
249,training,G029,94e002c3584f7b20f33cd919fdbf02025fda03a20f62802e48aed01e2912c742,LNP_ML,generic_cell,True,False,False,False,False,False
250,training,G029,94e002c3584f7b20f33cd919fdbf02025fda03a20f62802e48aed01e2912c742,LNP_ML,generic_cell,True,False,False,False,False,False
251,training,G057,b4e3b12613ee20a6fcd87651eb2579a43ea43a5c1d6d775c3996c0e7f3c4b661,LNP_ML,generic_cell,True,False,False,False,False,False
252,training,G044,62f44f14ea35ef7328dbb396cbe47c5bbde53cc0d830a132e4dd33dddb134d67,LNP_ML,generic_cell,True,False,False,False,False,False
253,training,G041,81db608a013a0aa8dd006fb003f882db2c383a739d5cff70f9228de109c231ef,LNP_ML,generic_cell,True,False,False,False,False,False
254,training,G057,b4e3b12613ee20a6fcd87651eb2579a43ea43a5c1d6d775c3996c0e7f3c4b661,LNP_ML,generic_cell,True,False,False,False,False,False
255,training,G054,f46113dec8501b2fbab18f16556060361bd056e02937eec13fc4939fffddf6df,LNP_ML,generic_cell,True,False,False,False,False,False
256,training,G030,078c8228b1ea4706c86fac1ecf66d78a84959a8f2d83cb014c2768d4a54684ef,LNP_ML,macrophage,True,False,False,False,False,False
257,training,G030,078c8228b1ea4706c86fac1ecf66d78a84959a8f2d83cb014c2768d4a54684ef,LNP_ML,macrophage,True,False,False,False,False,False
258,training,G041,81db608a013a0aa8dd006fb003f882db2c383a739d5cff70f9228de109c231ef,LNP_ML,generic_cell,True,False,False,False,False,False
259,training,G031,efda46f30d9e2c8196de5e65ca0fc73215ca7cbccec5e48a4aaf84d76e361465,LNP_ML,generic_cell,True,False,False,False,False,False
260,training,G029,94e002c3584f7b20f33cd919fdbf02025fda03a20f62802e48aed01e2912c742,LNP_ML,generic_cell,True,False,False,False,False,False
261,training,G025,3a7bb27cb25f4d555e46df617b6b2bb3dabdd67dd9b56b6dd1588d184a5b6bc0,LNP_Atlas,liver,False,True,False,False,True,False
262,training,G031,efda46f30d9e2c8196de5e65ca0fc73215ca7cbccec5e48a4aaf84d76e361465,LNP_ML,generic_cell,True,False,False,False,False,False
264,training,G033,bbc314ddcaecc6c2ec39d635bebc581e1d73f7fcba5f34b05f4ffd48ca6447b6,LNP_ML,liver,True,False,False,False,False,False
265,training,G030,078c8228b1ea4706c86fac1ecf66d78a84959a8f2d83cb014c2768d4a54684ef,LNP_ML,macrophage,True,False,False,False,False,False
266,training,G030,078c8228b1ea4706c86fac1ecf66d78a84959a8f2d83cb014c2768d4a54684ef,LNP_ML,macrophage,True,False,False,False,False,False
267,training,G008,bfd9c82a038b822192bf900281944d8a67134946537c2bb126cbeae0d6963377,LNP_Atlas,other,False,True,False,True,False,False
268,training,G029,94e002c3584f7b20f33cd919fdbf02025fda03a20f62802e48aed01e2912c742,LNP_ML,generic_cell,True,False,False,False,False,False
269,training,G030,078c8228b1ea4706c86fac1ecf66d78a84959a8f2d83cb014c2768d4a54684ef,LNP_ML,macrophage,True,False,False,False,False,False
270,training,G027,e15cc8e6e3c3fd5e82925f5d53bd06a6c8a0cecb34169c771ea68f91c506b246,LNP_ML,lung_epithelium,True,False,False,False,False,False
271,training,G010,3df4ae7f6198d63b0e225972a327e11db073e1abf0f963d31934aad7f1f6145d,LNP_Atlas,liver,False,True,False,True,False,False
273,training,G052,b37b0e39cd4f7d16388d2a38b8c468a6c7007d3e702438806e42dd8707934c2f,LNP_ML,spleen,True,False,False,False,False,False
275,training,G030,078c8228b1ea4706c86fac1ecf66d78a84959a8f2d83cb014c2768d4a54684ef,LNP_ML,macrophage,True,False,False,False,False,False
276,training,G056,45e59895219065e084f1f3c102a02b88dfee45730a0411d01cde69d4137c8edf,LNP_ML,generic_cell,True,False,False,False,False,False
277,training,G057,b4e3b12613ee20a6fcd87651eb2579a43ea43a5c1d6d775c3996c0e7f3c4b661,LNP_ML,generic_cell,True,False,False,False,False,False
278,training,G030,078c8228b1ea4706c86fac1ecf66d78a84959a8f2d83cb014c2768d4a54684ef,LNP_ML,macrophage,True,False,False,False,False,False
280,training,G016,7d8a93d11e9c8940abac939c0bf44f0d6c938ae9978b4ea0d8cfc4a1caa86fc5,LNP_Atlas,lung,False,True,True,True,True,False
282,training,G029,94e002c3584f7b20f33cd919fdbf02025fda03a20f62802e48aed01e2912c742,LNP_ML,generic_cell,True,False,False,False,False,False
283,training,G029,94e002c3584f7b20f33cd919fdbf02025fda03a20f62802e48aed01e2912c742,LNP_ML,generic_cell,True,False,False,False,False,False
284,training,G054,f46113dec8501b2fbab18f16556060361bd056e02937eec13fc4939fffddf6df,LNP_ML,generic_cell,True,False,False,False,False,False
285,training,G020,a699610a0d2428164dfbcdf1e2689e18186aef321fbe4919b96a3f20f4eec24a,LNP_Atlas,other,False,True,False,True,False,False
286,training,G057,b4e3b12613ee20a6fcd87651eb2579a43ea43a5c1d6d775c3996c0e7f3c4b661,LNP_ML,generic_cell,True,False,False,False,False,False
288,training,G036,2820a7fa5b5483f2e947545f345339da833b85904eac56b9f08165d2c401cd40,LNP_ML,muscle,True,False,False,False,False,False
289,training,G030,078c8228b1ea4706c86fac1ecf66d78a84959a8f2d83cb014c2768d4a54684ef,LNP_ML,macrophage,True,False,False,False,False,False
290,training,G054,f46113dec8501b2fbab18f16556060361bd056e02937eec13fc4939fffddf6df,LNP_ML,generic_cell,True,False,False,False,False,False
291,training,G057,b4e3b12613ee20a6fcd87651eb2579a43ea43a5c1d6d775c3996c0e7f3c4b661,LNP_ML,generic_cell,True,False,False,False,False,False
293,training,G027,e15cc8e6e3c3fd5e82925f5d53bd06a6c8a0cecb34169c771ea68f91c506b246,LNP_ML,lung_epithelium,True,False,False,False,False,False
294,training,G057,b4e3b12613ee20a6fcd87651eb2579a43ea43a5c1d6d775c3996c0e7f3c4b661,LNP_ML,generic_cell,True,False,False,False,False,False
295,training,G031,efda46f30d9e2c8196de5e65ca0fc73215ca7cbccec5e48a4aaf84d76e361465,LNP_ML,generic_cell,True,False,False,False,False,False
297,training,G055,13fd3d5f0d855c9b785cf92a85bb99b31c03082814e366943aebbf7a5c9f90f7,LNP_ML,liver,True,False,False,False,False,False
298,training,G057,b4e3b12613ee20a6fcd87651eb2579a43ea43a5c1d6d775c3996c0e7f3c4b661,LNP_ML,generic_cell,True,False,False,False,False,False
299,training,G054,f46113dec8501b2fbab18f16556060361bd056e02937eec13fc4939fffddf6df,LNP_ML,generic_cell,True,False,False,False,False,False
300,training,G029,94e002c3584f7b20f33cd919fdbf02025fda03a20f62802e48aed01e2912c742,LNP_ML,generic_cell,True,False,False,False,False,False
301,training,G027,e15cc8e6e3c3fd5e82925f5d53bd06a6c8a0cecb34169c771ea68f91c506b246,LNP_ML,lung_epithelium,True,False,False,False,False,False
302,training,G029,94e002c3584f7b20f33cd919fdbf02025fda03a20f62802e48aed01e2912c742,LNP_ML,generic_cell,True,False,False,False,False,False
303,training,G057,b4e3b12613ee20a6fcd87651eb2579a43ea43a5c1d6d775c3996c0e7f3c4b661,LNP_ML,generic_cell,True,False,False,False,False,False
304,training,G057,b4e3b12613ee20a6fcd87651eb2579a43ea43a5c1d6d775c3996c0e7f3c4b661,LNP_ML,generic_cell,True,False,False,False,False,False
305,training,G046,a18c68a9f46854b1965ecf27a7348129876e513e694554b604e7723a24d8b351,LNP_ML,liver,True,False,False,False,False,False
307,training,G011,7f737e131d2bba59ed2de68348fedd8fa7459a608d07d653d8573ad6ae13da71,LNP_Atlas,other,False,True,True,True,True,False
310,training,G058,666b784581eda04b9934ea7b65d7278b957204c5443623b6dfd2f60fc7978112,LNP_ML,liver,True,False,False,False,False,False
313,training,G041,81db608a013a0aa8dd006fb003f882db2c383a739d5cff70f9228de109c231ef,LNP_ML,generic_cell,True,False,False,False,False,False
314,training,G027,e15cc8e6e3c3fd5e82925f5d53bd06a6c8a0cecb34169c771ea68f91c506b246,LNP_ML,lung_epithelium,True,False,False,False,False,False
315,training,G052,b37b0e39cd4f7d16388d2a38b8c468a6c7007d3e702438806e42dd8707934c2f,LNP_ML,spleen,True,False,False,False,False,False
316,training,G041,81db608a013a0aa8dd006fb003f882db2c383a739d5cff70f9228de109c231ef,LNP_ML,generic_cell,True,False,False,False,False,False
318,training,G029,94e002c3584f7b20f33cd919fdbf02025fda03a20f62802e48aed01e2912c742,LNP_ML,generic_cell,True,False,False,False,False,False
319,training,G054,f46113dec8501b2fbab18f16556060361bd056e02937eec13fc4939fffddf6df,LNP_ML,generic_cell,True,False,False,False,False,False
320,training,G027,e15cc8e6e3c3fd5e82925f5d53bd06a6c8a0cecb34169c771ea68f91c506b246,LNP_ML,lung_epithelium,True,False,False,False,False,False
321,training,G029,94e002c3584f7b20f33cd919fdbf02025fda03a20f62802e48aed01e2912c742,LNP_ML,generic_cell,True,False,False,False,False,False
323,training,G048,4f025592182de35f74f08aad9c3a8123385a76fea1f91328a49c00d212892558,LNP_ML,generic_cell,True,False,False,False,False,False
324,training,G054,f46113dec8501b2fbab18f16556060361bd056e02937eec13fc4939fffddf6df,LNP_ML,generic_cell,True,False,False,False,False,False
326,training,G048,4f025592182de35f74f08aad9c3a8123385a76fea1f91328a49c00d212892558,LNP_ML,generic_cell,True,False,False,False,False,False
327,training,G029,94e002c3584f7b20f33cd919fdbf02025fda03a20f62802e48aed01e2912c742,LNP_ML,generic_cell,True,False,False,False,False,False
328,training,G054,f46113dec8501b2fbab18f16556060361bd056e02937eec13fc4939fffddf6df,LNP_ML,generic_cell,True,False,False,False,False,False
329,training,G029,94e002c3584f7b20f33cd919fdbf02025fda03a20f62802e48aed01e2912c742,LNP_ML,generic_cell,True,False,False,False,False,False
330,training,G024,d3e76a6eacd45e385218e48e90c6cabe78a5e1f57022cac3ec1d412663120ba1,LNP_Atlas,other,False,True,False,True,True,False
331,training,G046,a18c68a9f46854b1965ecf27a7348129876e513e694554b604e7723a24d8b351,LNP_ML,liver,True,False,False,False,False,False
332,training,G027,e15cc8e6e3c3fd5e82925f5d53bd06a6c8a0cecb34169c771ea68f91c506b246,LNP_ML,lung_epithelium,True,False,False,False,False,False
333,training,G041,81db608a013a0aa8dd006fb003f882db2c383a739d5cff70f9228de109c231ef,LNP_ML,generic_cell,True,False,False,False,False,False
334,training,G057,b4e3b12613ee20a6fcd87651eb2579a43ea43a5c1d6d775c3996c0e7f3c4b661,LNP_ML,generic_cell,True,False,False,False,False,False
335,training,G048,4f025592182de35f74f08aad9c3a8123385a76fea1f91328a49c00d212892558,LNP_ML,generic_cell,True,False,False,False,False,False
336,training,G057,b4e3b12613ee20a6fcd87651eb2579a43ea43a5c1d6d775c3996c0e7f3c4b661,LNP_ML,generic_cell,True,False,False,False,False,False
338,training,G054,f46113dec8501b2fbab18f16556060361bd056e02937eec13fc4939fffddf6df,LNP_ML,generic_cell,True,False,False,False,False,False
339,training,G054,f46113dec8501b2fbab18f16556060361bd056e02937eec13fc4939fffddf6df,LNP_ML,generic_cell,True,False,False,False,False,False
340,training,G054,f46113dec8501b2fbab18f16556060361bd056e02937eec13fc4939fffddf6df,LNP_ML,generic_cell,True,False,False,False,False,False
341,training,G054,f46113dec8501b2fbab18f16556060361bd056e02937eec13fc4939fffddf6df,LNP_ML,generic_cell,True,False,False,False,False,False
342,training,G030,078c8228b1ea4706c86fac1ecf66d78a84959a8f2d83cb014c2768d4a54684ef,LNP_ML,macrophage,True,False,False,False,False,False
343,training,G048,4f025592182de35f74f08aad9c3a8123385a76fea1f91328a49c00d212892558,LNP_ML,generic_cell,True,False,False,False,False,False
344,training,G054,f46113dec8501b2fbab18f16556060361bd056e02937eec13fc4939fffddf6df,LNP_ML,generic_cell,True,False,False,False,False,False
345,training,G041,81db608a013a0aa8dd006fb003f882db2c383a739d5cff70f9228de109c231ef,LNP_ML,generic_cell,True,False,False,False,False,False
346,training,G030,078c8228b1ea4706c86fac1ecf66d78a84959a8f2d83cb014c2768d4a54684ef,LNP_ML,macrophage,True,False,False,False,False,False
347,training,G027,e15cc8e6e3c3fd5e82925f5d53bd06a6c8a0cecb34169c771ea68f91c506b246,LNP_ML,lung_epithelium,True,False,False,False,False,False
348,training,G027,e15cc8e6e3c3fd5e82925f5d53bd06a6c8a0cecb34169c771ea68f91c506b246,LNP_ML,lung_epithelium,True,False,False,False,False,False
349,training,G057,b4e3b12613ee20a6fcd87651eb2579a43ea43a5c1d6d775c3996c0e7f3c4b661,LNP_ML,generic_cell,True,False,False,False,False,False
351,training,G057,b4e3b12613ee20a6fcd87651eb2579a43ea43a5c1d6d775c3996c0e7f3c4b661,LNP_ML,generic_cell,True,False,False,False,False,False
352,training,G057,b4e3b12613ee20a6fcd87651eb2579a43ea43a5c1d6d775c3996c0e7f3c4b661,LNP_ML,generic_cell,True,False,False,False,False,False
353,training,G027,e15cc8e6e3c3fd5e82925f5d53bd06a6c8a0cecb34169c771ea68f91c506b246,LNP_ML,lung_epithelium,True,False,False,False,False,False
354,training,G027,e15cc8e6e3c3fd5e82925f5d53bd06a6c8a0cecb34169c771ea68f91c506b246,LNP_ML,lung_epithelium,True,False,False,False,False,False
356,training,G057,b4e3b12613ee20a6fcd87651eb2579a43ea43a5c1d6d775c3996c0e7f3c4b661,LNP_ML,generic_cell,True,False,False,False,False,False
357,training,G048,4f025592182de35f74f08aad9c3a8123385a76fea1f91328a49c00d212892558,LNP_ML,generic_cell,True,False,False,False,False,False
359,training,G054,f46113dec8501b2fbab18f16556060361bd056e02937eec13fc4939fffddf6df,LNP_ML,generic_cell,True,False,False,False,False,False
360,training,G027,e15cc8e6e3c3fd5e82925f5d53bd06a6c8a0cecb34169c771ea68f91c506b246,LNP_ML,lung_epithelium,True,False,False,False,False,False
361,training,G027,e15cc8e6e3c3fd5e82925f5d53bd06a6c8a0cecb34169c771ea68f91c506b246,LNP_ML,lung_epithelium,True,False,False,False,False,False
362,training,G054,f46113dec8501b2fbab18f16556060361bd056e02937eec13fc4939fffddf6df,LNP_ML,generic_cell,True,False,False,False,False,False
363,training,G027,e15cc8e6e3c3fd5e82925f5d53bd06a6c8a0cecb34169c771ea68f91c506b246,LNP_ML,lung_epithelium,True,False,False,False,False,False
364,training,G029,94e002c3584f7b20f33cd919fdbf02025fda03a20f62802e48aed01e2912c742,LNP_ML,generic_cell,True,False,False,False,False,False
365,training,G057,b4e3b12613ee20a6fcd87651eb2579a43ea43a5c1d6d775c3996c0e7f3c4b661,LNP_ML,generic_cell,True,False,False,False,False,False
366,training,G027,e15cc8e6e3c3fd5e82925f5d53bd06a6c8a0cecb34169c771ea68f91c506b246,LNP_ML,lung_epithelium,True,False,False,False,False,False
367,training,G029,94e002c3584f7b20f33cd919fdbf02025fda03a20f62802e48aed01e2912c742,LNP_ML,generic_cell,True,False,False,False,False,False
369,training,G043,3b6bca6ee03330339c32916b0a53b570c41a94f66a354c35994c2491b4c12c35,LNP_ML,generic_cell,True,False,False,False,False,False
370,training,G027,e15cc8e6e3c3fd5e82925f5d53bd06a6c8a0cecb34169c771ea68f91c506b246,LNP_ML,lung_epithelium,True,False,False,False,False,False
375,training,G029,94e002c3584f7b20f33cd919fdbf02025fda03a20f62802e48aed01e2912c742,LNP_ML,generic_cell,True,False,False,False,False,False
376,training,G027,e15cc8e6e3c3fd5e82925f5d53bd06a6c8a0cecb34169c771ea68f91c506b246,LNP_ML,lung_epithelium,True,False,False,False,False,False
378,training,G033,bbc314ddcaecc6c2ec39d635bebc581e1d73f7fcba5f34b05f4ffd48ca6447b6,LNP_ML,liver,True,False,False,False,False,False
379,training,G057,b4e3b12613ee20a6fcd87651eb2579a43ea43a5c1d6d775c3996c0e7f3c4b661,LNP_ML,generic_cell,True,False,False,False,False,False
380,training,G041,81db608a013a0aa8dd006fb003f882db2c383a739d5cff70f9228de109c231ef,LNP_ML,generic_cell,True,False,False,False,False,False
381,training,G041,81db608a013a0aa8dd006fb003f882db2c383a739d5cff70f9228de109c231ef,LNP_ML,generic_cell,True,False,False,False,False,False
383,training,G044,62f44f14ea35ef7328dbb396cbe47c5bbde53cc0d830a132e4dd33dddb134d67,LNP_ML,generic_cell,True,False,False,False,False,False
384,training,G031,efda46f30d9e2c8196de5e65ca0fc73215ca7cbccec5e48a4aaf84d76e361465,LNP_ML,generic_cell,True,False,False,False,False,False
385,training,G042,c41e09d12aecadc06c33d081fbb35ca577675e07b4370127c6a37bcf7befddb8,LNP_ML,generic_cell,True,False,False,False,False,False
386,training,G058,666b784581eda04b9934ea7b65d7278b957204c5443623b6dfd2f60fc7978112,LNP_ML,liver,True,False,False,False,False,False
388,training,G041,81db608a013a0aa8dd006fb003f882db2c383a739d5cff70f9228de109c231ef,LNP_ML,generic_cell,True,False,False,False,False,False
389,training,G039,951e5d02c9e7922d649b6fd758058c54de56bb2829f478c680e733a6ead3bc36,LNP_ML,muscle,True,False,False,False,False,False
390,training,G034,cfad4770845f8e3399267a856d2e480cc26466c7c32a09d96d5a69d7aca15ba1,LNP_ML,spleen,True,False,False,False,False,False
392,training,G031,efda46f30d9e2c8196de5e65ca0fc73215ca7cbccec5e48a4aaf84d76e361465,LNP_ML,generic_cell,True,False,False,False,False,False
394,training,G030,078c8228b1ea4706c86fac1ecf66d78a84959a8f2d83cb014c2768d4a54684ef,LNP_ML,macrophage,True,False,False,False,False,False
396,training,G052,b37b0e39cd4f7d16388d2a38b8c468a6c7007d3e702438806e42dd8707934c2f,LNP_ML,spleen,True,False,False,False,False,False
397,training,G029,94e002c3584f7b20f33cd919fdbf02025fda03a20f62802e48aed01e2912c742,LNP_ML,generic_cell,True,False,False,False,False,False
400,training,G043,3b6bca6ee03330339c32916b0a53b570c41a94f66a354c35994c2491b4c12c35,LNP_ML,generic_cell,True,False,False,False,False,False
401,training,G022,7c9cccc7800e1b14a7e828dfff13475046e476a14284a2a7977d67f87433a2d7,LNP_Atlas,other,False,True,False,True,False,False
402,training,G051,d5692af7034f403dd1390ab8d6fa724b9808b3f8635f12752ddf0e9c8c908599,LNP_ML,lung,True,False,False,False,False,False
403,training,G029,94e002c3584f7b20f33cd919fdbf02025fda03a20f62802e48aed01e2912c742,LNP_ML,generic_cell,True,False,False,False,False,False
404,training,G054,f46113dec8501b2fbab18f16556060361bd056e02937eec13fc4939fffddf6df,LNP_ML,generic_cell,True,False,False,False,False,False
406,training,G030,078c8228b1ea4706c86fac1ecf66d78a84959a8f2d83cb014c2768d4a54684ef,LNP_ML,macrophage,True,False,False,False,False,False
407,training,G036,2820a7fa5b5483f2e947545f345339da833b85904eac56b9f08165d2c401cd40,LNP_ML,muscle,True,False,False,False,False,False
408,training,G043,3b6bca6ee03330339c32916b0a53b570c41a94f66a354c35994c2491b4c12c35,LNP_ML,generic_cell,True,False,False,False,False,False
410,training,G029,94e002c3584f7b20f33cd919fdbf02025fda03a20f62802e48aed01e2912c742,LNP_ML,generic_cell,True,False,False,False,False,False
411,training,G054,f46113dec8501b2fbab18f16556060361bd056e02937eec13fc4939fffddf6df,LNP_ML,generic_cell,True,False,False,False,False,False
413,training,G057,b4e3b12613ee20a6fcd87651eb2579a43ea43a5c1d6d775c3996c0e7f3c4b661,LNP_ML,generic_cell,True,False,False,False,False,False
414,training,G054,f46113dec8501b2fbab18f16556060361bd056e02937eec13fc4939fffddf6df,LNP_ML,generic_cell,True,False,False,False,False,False
417,training,G048,4f025592182de35f74f08aad9c3a8123385a76fea1f91328a49c00d212892558,LNP_ML,generic_cell,True,False,False,False,False,False
418,training,G048,4f025592182de35f74f08aad9c3a8123385a76fea1f91328a49c00d212892558,LNP_ML,generic_cell,True,False,False,False,False,False
419,training,G054,f46113dec8501b2fbab18f16556060361bd056e02937eec13fc4939fffddf6df,LNP_ML,generic_cell,True,False,False,False,False,False
420,training,G048,4f025592182de35f74f08aad9c3a8123385a76fea1f91328a49c00d212892558,LNP_ML,generic_cell,True,False,False,False,False,False
421,training,G054,f46113dec8501b2fbab18f16556060361bd056e02937eec13fc4939fffddf6df,LNP_ML,generic_cell,True,False,False,False,False,False
423,training,G041,81db608a013a0aa8dd006fb003f882db2c383a739d5cff70f9228de109c231ef,LNP_ML,generic_cell,True,False,False,False,False,False
425,training,G056,45e59895219065e084f1f3c102a02b88dfee45730a0411d01cde69d4137c8edf,LNP_ML,generic_cell,True,False,False,False,False,False
429,training,G054,f46113dec8501b2fbab18f16556060361bd056e02937eec13fc4939fffddf6df,LNP_ML,generic_cell,True,False,False,False,False,False
430,training,G057,b4e3b12613ee20a6fcd87651eb2579a43ea43a5c1d6d775c3996c0e7f3c4b661,LNP_ML,generic_cell,True,False,False,False,False,False
431,training,G008,bfd9c82a038b822192bf900281944d8a67134946537c2bb126cbeae0d6963377,LNP_Atlas,other,False,True,False,True,False,False
432,training,G033,bbc314ddcaecc6c2ec39d635bebc581e1d73f7fcba5f34b05f4ffd48ca6447b6,LNP_ML,liver,True,False,False,False,False,False
433,training,G031,efda46f30d9e2c8196de5e65ca0fc73215ca7cbccec5e48a4aaf84d76e361465,LNP_ML,generic_cell,True,False,False,False,False,False
434,training,G029,94e002c3584f7b20f33cd919fdbf02025fda03a20f62802e48aed01e2912c742,LNP_ML,generic_cell,True,False,False,False,False,False
435,training,G027,e15cc8e6e3c3fd5e82925f5d53bd06a6c8a0cecb34169c771ea68f91c506b246,LNP_ML,lung_epithelium,True,False,False,False,False,False
438,training,G041,81db608a013a0aa8dd006fb003f882db2c383a739d5cff70f9228de109c231ef,LNP_ML,generic_cell,True,False,False,False,False,False
439,training,G057,b4e3b12613ee20a6fcd87651eb2579a43ea43a5c1d6d775c3996c0e7f3c4b661,LNP_ML,generic_cell,True,False,False,False,False,False
441,training,G029,94e002c3584f7b20f33cd919fdbf02025fda03a20f62802e48aed01e2912c742,LNP_ML,generic_cell,True,False,False,False,False,False
443,training,G029,94e002c3584f7b20f33cd919fdbf02025fda03a20f62802e48aed01e2912c742,LNP_ML,generic_cell,True,False,False,False,False,False
444,training,G028,da90ef346ab3ab03fcbfb9364ddd710703c19b1b769b617cd83dfab1fdcf32a6,LNP_ML,lung_epithelium,True,False,False,False,False,False
445,training,G029,94e002c3584f7b20f33cd919fdbf02025fda03a20f62802e48aed01e2912c742,LNP_ML,generic_cell,True,False,False,False,False,False
447,training,G030,078c8228b1ea4706c86fac1ecf66d78a84959a8f2d83cb014c2768d4a54684ef,LNP_ML,macrophage,True,False,False,False,False,False
449,training,G054,f46113dec8501b2fbab18f16556060361bd056e02937eec13fc4939fffddf6df,LNP_ML,generic_cell,True,False,False,False,False,False
450,training,G057,b4e3b12613ee20a6fcd87651eb2579a43ea43a5c1d6d775c3996c0e7f3c4b661,LNP_ML,generic_cell,True,False,False,False,False,False
451,training,G057,b4e3b12613ee20a6fcd87651eb2579a43ea43a5c1d6d775c3996c0e7f3c4b661,LNP_ML,generic_cell,True,False,False,False,False,False
453,training,G031,efda46f30d9e2c8196de5e65ca0fc73215ca7cbccec5e48a4aaf84d76e361465,LNP_ML,generic_cell,True,False,False,False,False,False
454,training,G048,4f025592182de35f74f08aad9c3a8123385a76fea1f91328a49c00d212892558,LNP_ML,generic_cell,True,False,False,False,False,False
456,training,G054,f46113dec8501b2fbab18f16556060361bd056e02937eec13fc4939fffddf6df,LNP_ML,generic_cell,True,False,False,False,False,False
459,training,G029,94e002c3584f7b20f33cd919fdbf02025fda03a20f62802e48aed01e2912c742,LNP_ML,generic_cell,True,False,False,False,False,False
460,training,G042,c41e09d12aecadc06c33d081fbb35ca577675e07b4370127c6a37bcf7befddb8,LNP_ML,generic_cell,True,False,False,False,False,False
461,training,G027,e15cc8e6e3c3fd5e82925f5d53bd06a6c8a0cecb34169c771ea68f91c506b246,LNP_ML,lung_epithelium,True,False,False,False,False,False
462,training,G041,81db608a013a0aa8dd006fb003f882db2c383a739d5cff70f9228de109c231ef,LNP_ML,generic_cell,True,False,False,False,False,False
463,training,G027,e15cc8e6e3c3fd5e82925f5d53bd06a6c8a0cecb34169c771ea68f91c506b246,LNP_ML,lung_epithelium,True,False,False,False,False,False
464,training,G041,81db608a013a0aa8dd006fb003f882db2c383a739d5cff70f9228de109c231ef,LNP_ML,generic_cell,True,False,False,False,False,False
466,training,G029,94e002c3584f7b20f33cd919fdbf02025fda03a20f62802e48aed01e2912c742,LNP_ML,generic_cell,True,False,False,False,False,False
468,training,G057,b4e3b12613ee20a6fcd87651eb2579a43ea43a5c1d6d775c3996c0e7f3c4b661,LNP_ML,generic_cell,True,False,False,False,False,False
469,training,G027,e15cc8e6e3c3fd5e82925f5d53bd06a6c8a0cecb34169c771ea68f91c506b246,LNP_ML,lung_epithelium,True,False,False,False,False,False
470,training,G044,62f44f14ea35ef7328dbb396cbe47c5bbde53cc0d830a132e4dd33dddb134d67,LNP_ML,generic_cell,True,False,False,False,False,False
471,training,G057,b4e3b12613ee20a6fcd87651eb2579a43ea43a5c1d6d775c3996c0e7f3c4b661,LNP_ML,generic_cell,True,False,False,False,False,False
472,training,G057,b4e3b12613ee20a6fcd87651eb2579a43ea43a5c1d6d775c3996c0e7f3c4b661,LNP_ML,generic_cell,True,False,False,False,False,False
473,training,G056,45e59895219065e084f1f3c102a02b88dfee45730a0411d01cde69d4137c8edf,LNP_ML,generic_cell,True,False,False,False,False,False
474,training,G042,c41e09d12aecadc06c33d081fbb35ca577675e07b4370127c6a37bcf7befddb8,LNP_ML,generic_cell,True,False,False,False,False,False
475,training,G046,a18c68a9f46854b1965ecf27a7348129876e513e694554b604e7723a24d8b351,LNP_ML,liver,True,False,False,False,False,False
477,training,G054,f46113dec8501b2fbab18f16556060361bd056e02937eec13fc4939fffddf6df,LNP_ML,generic_cell,True,False,False,False,False,False
478,training,G010,3df4ae7f6198d63b0e225972a327e11db073e1abf0f963d31934aad7f1f6145d,LNP_Atlas,liver,False,True,False,True,False,False
479,training,G044,62f44f14ea35ef7328dbb396cbe47c5bbde53cc0d830a132e4dd33dddb134d67,LNP_ML,generic_cell,True,False,False,False,False,False
481,training,G057,b4e3b12613ee20a6fcd87651eb2579a43ea43a5c1d6d775c3996c0e7f3c4b661,LNP_ML,generic_cell,True,False,False,False,False,False
482,training,G010,3df4ae7f6198d63b0e225972a327e11db073e1abf0f963d31934aad7f1f6145d,LNP_Atlas,liver,False,True,False,True,False,False
483,training,G048,4f025592182de35f74f08aad9c3a8123385a76fea1f91328a49c00d212892558,LNP_ML,generic_cell,True,False,False,False,False,False
484,training,G054,f46113dec8501b2fbab18f16556060361bd056e02937eec13fc4939fffddf6df,LNP_ML,generic_cell,True,False,False,False,False,False
485,training,G057,b4e3b12613ee20a6fcd87651eb2579a43ea43a5c1d6d775c3996c0e7f3c4b661,LNP_ML,generic_cell,True,False,False,False,False,False
486,training,G029,94e002c3584f7b20f33cd919fdbf02025fda03a20f62802e48aed01e2912c742,LNP_ML,generic_cell,True,False,False,False,False,False
487,training,G029,94e002c3584f7b20f33cd919fdbf02025fda03a20f62802e48aed01e2912c742,LNP_ML,generic_cell,True,False,False,False,False,False
488,training,G029,94e002c3584f7b20f33cd919fdbf02025fda03a20f62802e48aed01e2912c742,LNP_ML,generic_cell,True,False,False,False,False,False
490,training,G046,a18c68a9f46854b1965ecf27a7348129876e513e694554b604e7723a24d8b351,LNP_ML,liver,True,False,False,False,False,False
491,training,G048,4f025592182de35f74f08aad9c3a8123385a76fea1f91328a49c00d212892558,LNP_ML,generic_cell,True,False,False,False,False,False
492,training,G054,f46113dec8501b2fbab18f16556060361bd056e02937eec13fc4939fffddf6df,LNP_ML,generic_cell,True,False,False,False,False,False
493,training,G027,e15cc8e6e3c3fd5e82925f5d53bd06a6c8a0cecb34169c771ea68f91c506b246,LNP_ML,lung_epithelium,True,False,False,False,False,False
494,training,G029,94e002c3584f7b20f33cd919fdbf02025fda03a20f62802e48aed01e2912c742,LNP_ML,generic_cell,True,False,False,False,False,False
495,training,G048,4f025592182de35f74f08aad9c3a8123385a76fea1f91328a49c00d212892558,LNP_ML,generic_cell,True,False,False,False,False,False
496,training,G029,94e002c3584f7b20f33cd919fdbf02025fda03a20f62802e48aed01e2912c742,LNP_ML,generic_cell,True,False,False,False,False,False
497,training,G057,b4e3b12613ee20a6fcd87651eb2579a43ea43a5c1d6d775c3996c0e7f3c4b661,LNP_ML,generic_cell,True,False,False,False,False,False
498,training,G030,078c8228b1ea4706c86fac1ecf66d78a84959a8f2d83cb014c2768d4a54684ef,LNP_ML,macrophage,True,False,False,False,False,False
499,training,G027,e15cc8e6e3c3fd5e82925f5d53bd06a6c8a0cecb34169c771ea68f91c506b246,LNP_ML,lung_epithelium,True,False,False,False,False,False
500,training,G054,f46113dec8501b2fbab18f16556060361bd056e02937eec13fc4939fffddf6df,LNP_ML,generic_cell,True,False,False,False,False,False
501,training,G034,cfad4770845f8e3399267a856d2e480cc26466c7c32a09d96d5a69d7aca15ba1,LNP_ML,spleen,True,False,False,False,False,False
502,training,G030,078c8228b1ea4706c86fac1ecf66d78a84959a8f2d83cb014c2768d4a54684ef,LNP_ML,macrophage,True,False,False,False,False,False
503,training,G057,b4e3b12613ee20a6fcd87651eb2579a43ea43a5c1d6d775c3996c0e7f3c4b661,LNP_ML,generic_cell,True,False,False,False,False,False
505,training,G054,f46113dec8501b2fbab18f16556060361bd056e02937eec13fc4939fffddf6df,LNP_ML,generic_cell,True,False,False,False,False,False
506,training,G027,e15cc8e6e3c3fd5e82925f5d53bd06a6c8a0cecb34169c771ea68f91c506b246,LNP_ML,lung_epithelium,True,False,False,False,False,False
507,training,G057,b4e3b12613ee20a6fcd87651eb2579a43ea43a5c1d6d775c3996c0e7f3c4b661,LNP_ML,generic_cell,True,False,False,False,False,False
509,training,G056,45e59895219065e084f1f3c102a02b88dfee45730a0411d01cde69d4137c8edf,LNP_ML,generic_cell,True,False,False,False,False,False
510,training,G054,f46113dec8501b2fbab18f16556060361bd056e02937eec13fc4939fffddf6df,LNP_ML,generic_cell,True,False,False,False,False,False
511,training,G057,b4e3b12613ee20a6fcd87651eb2579a43ea43a5c1d6d775c3996c0e7f3c4b661,LNP_ML,generic_cell,True,False,False,False,False,False
512,training,G057,b4e3b12613ee20a6fcd87651eb2579a43ea43a5c1d6d775c3996c0e7f3c4b661,LNP_ML,generic_cell,True,False,False,False,False,False
513,training,G029,94e002c3584f7b20f33cd919fdbf02025fda03a20f62802e48aed01e2912c742,LNP_ML,generic_cell,True,False,False,False,False,False
514,training,G042,c41e09d12aecadc06c33d081fbb35ca577675e07b4370127c6a37bcf7befddb8,LNP_ML,generic_cell,True,False,False,False,False,False
516,training,G057,b4e3b12613ee20a6fcd87651eb2579a43ea43a5c1d6d775c3996c0e7f3c4b661,LNP_ML,generic_cell,True,False,False,False,False,False
519,training,G041,81db608a013a0aa8dd006fb003f882db2c383a739d5cff70f9228de109c231ef,LNP_ML,generic_cell,True,False,False,False,False,False
520,training,G029,94e002c3584f7b20f33cd919fdbf02025fda03a20f62802e48aed01e2912c742,LNP_ML,generic_cell,True,False,False,False,False,False
521,training,G021,671e1bc1e028b53bd8b5c118a48a6b83887672be08552d4ea42f926168d92721,LNP_Atlas,lung,False,True,True,True,True,True
522,training,G054,f46113dec8501b2fbab18f16556060361bd056e02937eec13fc4939fffddf6df,LNP_ML,generic_cell,True,False,False,False,False,False
523,training,G030,078c8228b1ea4706c86fac1ecf66d78a84959a8f2d83cb014c2768d4a54684ef,LNP_ML,macrophage,True,False,False,False,False,False
524,training,G046,a18c68a9f46854b1965ecf27a7348129876e513e694554b604e7723a24d8b351,LNP_ML,liver,True,False,False,False,False,False
525,training,G027,e15cc8e6e3c3fd5e82925f5d53bd06a6c8a0cecb34169c771ea68f91c506b246,LNP_ML,lung_epithelium,True,False,False,False,False,False
526,training,G030,078c8228b1ea4706c86fac1ecf66d78a84959a8f2d83cb014c2768d4a54684ef,LNP_ML,macrophage,True,False,False,False,False,False
527,training,G055,13fd3d5f0d855c9b785cf92a85bb99b31c03082814e366943aebbf7a5c9f90f7,LNP_ML,liver,True,False,False,False,False,False
528,training,G057,b4e3b12613ee20a6fcd87651eb2579a43ea43a5c1d6d775c3996c0e7f3c4b661,LNP_ML,generic_cell,True,False,False,False,False,False
529,training,G054,f46113dec8501b2fbab18f16556060361bd056e02937eec13fc4939fffddf6df,LNP_ML,generic_cell,True,False,False,False,False,False
532,training,G030,078c8228b1ea4706c86fac1ecf66d78a84959a8f2d83cb014c2768d4a54684ef,LNP_ML,macrophage,True,False,False,False,False,False
534,training,G031,efda46f30d9e2c8196de5e65ca0fc73215ca7cbccec5e48a4aaf84d76e361465,LNP_ML,generic_cell,True,False,False,False,False,False
535,training,G039,951e5d02c9e7922d649b6fd758058c54de56bb2829f478c680e733a6ead3bc36,LNP_ML,muscle,True,False,False,False,False,False
536,training,G027,e15cc8e6e3c3fd5e82925f5d53bd06a6c8a0cecb34169c771ea68f91c506b246,LNP_ML,lung_epithelium,True,False,False,False,False,False
537,training,G046,a18c68a9f46854b1965ecf27a7348129876e513e694554b604e7723a24d8b351,LNP_ML,liver,True,False,False,False,False,False
540,training,G030,078c8228b1ea4706c86fac1ecf66d78a84959a8f2d83cb014c2768d4a54684ef,LNP_ML,macrophage,True,False,False,False,False,False
541,training,G029,94e002c3584f7b20f33cd919fdbf02025fda03a20f62802e48aed01e2912c742,LNP_ML,generic_cell,True,False,False,False,False,False
542,training,G057,b4e3b12613ee20a6fcd87651eb2579a43ea43a5c1d6d775c3996c0e7f3c4b661,LNP_ML,generic_cell,True,False,False,False,False,False
543,training,G031,efda46f30d9e2c8196de5e65ca0fc73215ca7cbccec5e48a4aaf84d76e361465,LNP_ML,generic_cell,True,False,False,False,False,False
544,training,G041,81db608a013a0aa8dd006fb003f882db2c383a739d5cff70f9228de109c231ef,LNP_ML,generic_cell,True,False,False,False,False,False
545,training,G057,b4e3b12613ee20a6fcd87651eb2579a43ea43a5c1d6d775c3996c0e7f3c4b661,LNP_ML,generic_cell,True,False,False,False,False,False
546,training,G048,4f025592182de35f74f08aad9c3a8123385a76fea1f91328a49c00d212892558,LNP_ML,generic_cell,True,False,False,False,False,False
547,training,G029,94e002c3584f7b20f33cd919fdbf02025fda03a20f62802e48aed01e2912c742,LNP_ML,generic_cell,True,False,False,False,False,False
548,training,G046,a18c68a9f46854b1965ecf27a7348129876e513e694554b604e7723a24d8b351,LNP_ML,liver,True,False,False,False,False,False
549,training,G030,078c8228b1ea4706c86fac1ecf66d78a84959a8f2d83cb014c2768d4a54684ef,LNP_ML,macrophage,True,False,False,False,False,False
550,training,G057,b4e3b12613ee20a6fcd87651eb2579a43ea43a5c1d6d775c3996c0e7f3c4b661,LNP_ML,generic_cell,True,False,False,False,False,False
551,training,G027,e15cc8e6e3c3fd5e82925f5d53bd06a6c8a0cecb34169c771ea68f91c506b246,LNP_ML,lung_epithelium,True,False,False,False,False,False
552,training,G048,4f025592182de35f74f08aad9c3a8123385a76fea1f91328a49c00d212892558,LNP_ML,generic_cell,True,False,False,False,False,False
554,training,G057,b4e3b12613ee20a6fcd87651eb2579a43ea43a5c1d6d775c3996c0e7f3c4b661,LNP_ML,generic_cell,True,False,False,False,False,False
555,training,G027,e15cc8e6e3c3fd5e82925f5d53bd06a6c8a0cecb34169c771ea68f91c506b246,LNP_ML,lung_epithelium,True,False,False,False,False,False
556,training,G057,b4e3b12613ee20a6fcd87651eb2579a43ea43a5c1d6d775c3996c0e7f3c4b661,LNP_ML,generic_cell,True,False,False,False,False,False
557,training,G048,4f025592182de35f74f08aad9c3a8123385a76fea1f91328a49c00d212892558,LNP_ML,generic_cell,True,False,False,False,False,False
558,training,G028,da90ef346ab3ab03fcbfb9364ddd710703c19b1b769b617cd83dfab1fdcf32a6,LNP_ML,lung_epithelium,True,False,False,False,False,False
559,training,G033,bbc314ddcaecc6c2ec39d635bebc581e1d73f7fcba5f34b05f4ffd48ca6447b6,LNP_ML,liver,True,False,False,False,False,False
561,training,G057,b4e3b12613ee20a6fcd87651eb2579a43ea43a5c1d6d775c3996c0e7f3c4b661,LNP_ML,generic_cell,True,False,False,False,False,False
565,training,G029,94e002c3584f7b20f33cd919fdbf02025fda03a20f62802e48aed01e2912c742,LNP_ML,generic_cell,True,False,False,False,False,False
566,training,G033,bbc314ddcaecc6c2ec39d635bebc581e1d73f7fcba5f34b05f4ffd48ca6447b6,LNP_ML,liver,True,False,False,False,False,False
567,training,G021,671e1bc1e028b53bd8b5c118a48a6b83887672be08552d4ea42f926168d92721,LNP_Atlas,lung,False,True,True,True,True,True
568,training,G027,e15cc8e6e3c3fd5e82925f5d53bd06a6c8a0cecb34169c771ea68f91c506b246,LNP_ML,lung_epithelium,True,False,False,False,False,False
569,training,G040,8478654b5059ada4fd1b42e15697440070dc623f775304072b058cc6e3916e48,LNP_ML,dendritic_cell,True,False,False,False,False,False
571,training,G057,b4e3b12613ee20a6fcd87651eb2579a43ea43a5c1d6d775c3996c0e7f3c4b661,LNP_ML,generic_cell,True,False,False,False,False,False
573,training,G029,94e002c3584f7b20f33cd919fdbf02025fda03a20f62802e48aed01e2912c742,LNP_ML,generic_cell,True,False,False,False,False,False
574,training,G030,078c8228b1ea4706c86fac1ecf66d78a84959a8f2d83cb014c2768d4a54684ef,LNP_ML,macrophage,True,False,False,False,False,False
575,training,G041,81db608a013a0aa8dd006fb003f882db2c383a739d5cff70f9228de109c231ef,LNP_ML,generic_cell,True,False,False,False,False,False
576,training,G027,e15cc8e6e3c3fd5e82925f5d53bd06a6c8a0cecb34169c771ea68f91c506b246,LNP_ML,lung_epithelium,True,False,False,False,False,False
578,training,G041,81db608a013a0aa8dd006fb003f882db2c383a739d5cff70f9228de109c231ef,LNP_ML,generic_cell,True,False,False,False,False,False
579,training,G021,671e1bc1e028b53bd8b5c118a48a6b83887672be08552d4ea42f926168d92721,LNP_Atlas,lung,False,True,True,True,True,True
581,training,G054,f46113dec8501b2fbab18f16556060361bd056e02937eec13fc4939fffddf6df,LNP_ML,generic_cell,True,False,False,False,False,False
582,training,G057,b4e3b12613ee20a6fcd87651eb2579a43ea43a5c1d6d775c3996c0e7f3c4b661,LNP_ML,generic_cell,True,False,False,False,False,False
583,training,G041,81db608a013a0aa8dd006fb003f882db2c383a739d5cff70f9228de109c231ef,LNP_ML,generic_cell,True,False,False,False,False,False
584,training,G031,efda46f30d9e2c8196de5e65ca0fc73215ca7cbccec5e48a4aaf84d76e361465,LNP_ML,generic_cell,True,False,False,False,False,False
586,training,G046,a18c68a9f46854b1965ecf27a7348129876e513e694554b604e7723a24d8b351,LNP_ML,liver,True,False,False,False,False,False
587,training,G029,94e002c3584f7b20f33cd919fdbf02025fda03a20f62802e48aed01e2912c742,LNP_ML,generic_cell,True,False,False,False,False,False
589,training,G054,f46113dec8501b2fbab18f16556060361bd056e02937eec13fc4939fffddf6df,LNP_ML,generic_cell,True,False,False,False,False,False
590,training,G029,94e002c3584f7b20f33cd919fdbf02025fda03a20f62802e48aed01e2912c742,LNP_ML,generic_cell,True,False,False,False,False,False
592,training,G021,671e1bc1e028b53bd8b5c118a48a6b83887672be08552d4ea42f926168d92721,LNP_Atlas,lung,False,True,True,True,True,True
593,training,G027,e15cc8e6e3c3fd5e82925f5d53bd06a6c8a0cecb34169c771ea68f91c506b246,LNP_ML,lung_epithelium,True,False,False,False,False,False
596,training,G029,94e002c3584f7b20f33cd919fdbf02025fda03a20f62802e48aed01e2912c742,LNP_ML,generic_cell,True,False,False,False,False,False
597,training,G031,efda46f30d9e2c8196de5e65ca0fc73215ca7cbccec5e48a4aaf84d76e361465,LNP_ML,generic_cell,True,False,False,False,False,False
599,training,G042,c41e09d12aecadc06c33d081fbb35ca577675e07b4370127c6a37bcf7befddb8,LNP_ML,generic_cell,True,False,False,False,False,False
600,training,G057,b4e3b12613ee20a6fcd87651eb2579a43ea43a5c1d6d775c3996c0e7f3c4b661,LNP_ML,generic_cell,True,False,False,False,False,False
601,training,G048,4f025592182de35f74f08aad9c3a8123385a76fea1f91328a49c00d212892558,LNP_ML,generic_cell,True,False,False,False,False,False
603,training,G030,078c8228b1ea4706c86fac1ecf66d78a84959a8f2d83cb014c2768d4a54684ef,LNP_ML,macrophage,True,False,False,False,False,False
604,training,G057,b4e3b12613ee20a6fcd87651eb2579a43ea43a5c1d6d775c3996c0e7f3c4b661,LNP_ML,generic_cell,True,False,False,False,False,False
605,training,G054,f46113dec8501b2fbab18f16556060361bd056e02937eec13fc4939fffddf6df,LNP_ML,generic_cell,True,False,False,False,False,False
607,training,G041,81db608a013a0aa8dd006fb003f882db2c383a739d5cff70f9228de109c231ef,LNP_ML,generic_cell,True,False,False,False,False,False
609,training,G031,efda46f30d9e2c8196de5e65ca0fc73215ca7cbccec5e48a4aaf84d76e361465,LNP_ML,generic_cell,True,False,False,False,False,False
610,training,G030,078c8228b1ea4706c86fac1ecf66d78a84959a8f2d83cb014c2768d4a54684ef,LNP_ML,macrophage,True,False,False,False,False,False
611,training,G054,f46113dec8501b2fbab18f16556060361bd056e02937eec13fc4939fffddf6df,LNP_ML,generic_cell,True,False,False,False,False,False
612,training,G027,e15cc8e6e3c3fd5e82925f5d53bd06a6c8a0cecb34169c771ea68f91c506b246,LNP_ML,lung_epithelium,True,False,False,False,False,False
613,training,G030,078c8228b1ea4706c86fac1ecf66d78a84959a8f2d83cb014c2768d4a54684ef,LNP_ML,macrophage,True,False,False,False,False,False
616,training,G054,f46113dec8501b2fbab18f16556060361bd056e02937eec13fc4939fffddf6df,LNP_ML,generic_cell,True,False,False,False,False,False
618,training,G027,e15cc8e6e3c3fd5e82925f5d53bd06a6c8a0cecb34169c771ea68f91c506b246,LNP_ML,lung_epithelium,True,False,False,False,False,False
619,training,G027,e15cc8e6e3c3fd5e82925f5d53bd06a6c8a0cecb34169c771ea68f91c506b246,LNP_ML,lung_epithelium,True,False,False,False,False,False
620,training,G054,f46113dec8501b2fbab18f16556060361bd056e02937eec13fc4939fffddf6df,LNP_ML,generic_cell,True,False,False,False,False,False
621,training,G052,b37b0e39cd4f7d16388d2a38b8c468a6c7007d3e702438806e42dd8707934c2f,LNP_ML,spleen,True,False,False,False,False,False
622,training,G041,81db608a013a0aa8dd006fb003f882db2c383a739d5cff70f9228de109c231ef,LNP_ML,generic_cell,True,False,False,False,False,False
623,training,G052,b37b0e39cd4f7d16388d2a38b8c468a6c7007d3e702438806e42dd8707934c2f,LNP_ML,spleen,True,False,False,False,False,False
624,training,G031,efda46f30d9e2c8196de5e65ca0fc73215ca7cbccec5e48a4aaf84d76e361465,LNP_ML,generic_cell,True,False,False,False,False,False
627,training,G046,a18c68a9f46854b1965ecf27a7348129876e513e694554b604e7723a24d8b351,LNP_ML,liver,True,False,False,False,False,False
628,training,G054,f46113dec8501b2fbab18f16556060361bd056e02937eec13fc4939fffddf6df,LNP_ML,generic_cell,True,False,False,False,False,False
629,training,G031,efda46f30d9e2c8196de5e65ca0fc73215ca7cbccec5e48a4aaf84d76e361465,LNP_ML,generic_cell,True,False,False,False,False,False
630,training,G041,81db608a013a0aa8dd006fb003f882db2c383a739d5cff70f9228de109c231ef,LNP_ML,generic_cell,True,False,False,False,False,False
631,training,G048,4f025592182de35f74f08aad9c3a8123385a76fea1f91328a49c00d212892558,LNP_ML,generic_cell,True,False,False,False,False,False
633,training,G030,078c8228b1ea4706c86fac1ecf66d78a84959a8f2d83cb014c2768d4a54684ef,LNP_ML,macrophage,True,False,False,False,False,False
634,training,G048,4f025592182de35f74f08aad9c3a8123385a76fea1f91328a49c00d212892558,LNP_ML,generic_cell,True,False,False,False,False,False
636,training,G041,81db608a013a0aa8dd006fb003f882db2c383a739d5cff70f9228de109c231ef,LNP_ML,generic_cell,True,False,False,False,False,False
637,training,G057,b4e3b12613ee20a6fcd87651eb2579a43ea43a5c1d6d775c3996c0e7f3c4b661,LNP_ML,generic_cell,True,False,False,False,False,False
639,training,G030,078c8228b1ea4706c86fac1ecf66d78a84959a8f2d83cb014c2768d4a54684ef,LNP_ML,macrophage,True,False,False,False,False,False
640,training,G044,62f44f14ea35ef7328dbb396cbe47c5bbde53cc0d830a132e4dd33dddb134d67,LNP_ML,generic_cell,True,False,False,False,False,False
641,training,G033,bbc314ddcaecc6c2ec39d635bebc581e1d73f7fcba5f34b05f4ffd48ca6447b6,LNP_ML,liver,True,False,False,False,False,False
642,training,G027,e15cc8e6e3c3fd5e82925f5d53bd06a6c8a0cecb34169c771ea68f91c506b246,LNP_ML,lung_epithelium,True,False,False,False,False,False
643,training,G029,94e002c3584f7b20f33cd919fdbf02025fda03a20f62802e48aed01e2912c742,LNP_ML,generic_cell,True,False,False,False,False,False
644,training,G057,b4e3b12613ee20a6fcd87651eb2579a43ea43a5c1d6d775c3996c0e7f3c4b661,LNP_ML,generic_cell,True,False,False,False,False,False
645,training,G054,f46113dec8501b2fbab18f16556060361bd056e02937eec13fc4939fffddf6df,LNP_ML,generic_cell,True,False,False,False,False,False
647,training,G041,81db608a013a0aa8dd006fb003f882db2c383a739d5cff70f9228de109c231ef,LNP_ML,generic_cell,True,False,False,False,False,False
648,training,G039,951e5d02c9e7922d649b6fd758058c54de56bb2829f478c680e733a6ead3bc36,LNP_ML,muscle,True,False,False,False,False,False
650,training,G027,e15cc8e6e3c3fd5e82925f5d53bd06a6c8a0cecb34169c771ea68f91c506b246,LNP_ML,lung_epithelium,True,False,False,False,False,False
651,training,G050,15fcf9898e3f9da60bfd0d8ef2ef537ddefaf80375661c194c30c907be063903,LNP_ML,liver,True,False,False,False,False,False
652,training,G041,81db608a013a0aa8dd006fb003f882db2c383a739d5cff70f9228de109c231ef,LNP_ML,generic_cell,True,False,False,False,False,False
653,training,G054,f46113dec8501b2fbab18f16556060361bd056e02937eec13fc4939fffddf6df,LNP_ML,generic_cell,True,False,False,False,False,False
654,training,G046,a18c68a9f46854b1965ecf27a7348129876e513e694554b604e7723a24d8b351,LNP_ML,liver,True,False,False,False,False,False
655,training,G046,a18c68a9f46854b1965ecf27a7348129876e513e694554b604e7723a24d8b351,LNP_ML,liver,True,False,False,False,False,False
656,training,G048,4f025592182de35f74f08aad9c3a8123385a76fea1f91328a49c00d212892558,LNP_ML,generic_cell,True,False,False,False,False,False
657,training,G027,e15cc8e6e3c3fd5e82925f5d53bd06a6c8a0cecb34169c771ea68f91c506b246,LNP_ML,lung_epithelium,True,False,False,False,False,False
659,training,G029,94e002c3584f7b20f33cd919fdbf02025fda03a20f62802e48aed01e2912c742,LNP_ML,generic_cell,True,False,False,False,False,False
660,training,G046,a18c68a9f46854b1965ecf27a7348129876e513e694554b604e7723a24d8b351,LNP_ML,liver,True,False,False,False,False,False
661,training,G048,4f025592182de35f74f08aad9c3a8123385a76fea1f91328a49c00d212892558,LNP_ML,generic_cell,True,False,False,False,False,False
662,training,G054,f46113dec8501b2fbab18f16556060361bd056e02937eec13fc4939fffddf6df,LNP_ML,generic_cell,True,False,False,False,False,False
663,training,G028,da90ef346ab3ab03fcbfb9364ddd710703c19b1b769b617cd83dfab1fdcf32a6,LNP_ML,lung_epithelium,True,False,False,False,False,False
664,training,G054,f46113dec8501b2fbab18f16556060361bd056e02937eec13fc4939fffddf6df,LNP_ML,generic_cell,True,False,False,False,False,False
665,training,G051,d5692af7034f403dd1390ab8d6fa724b9808b3f8635f12752ddf0e9c8c908599,LNP_ML,lung,True,False,False,False,False,False
666,training,G041,81db608a013a0aa8dd006fb003f882db2c383a739d5cff70f9228de109c231ef,LNP_ML,generic_cell,True,False,False,False,False,False
667,training,G054,f46113dec8501b2fbab18f16556060361bd056e02937eec13fc4939fffddf6df,LNP_ML,generic_cell,True,False,False,False,False,False
668,training,G048,4f025592182de35f74f08aad9c3a8123385a76fea1f91328a49c00d212892558,LNP_ML,generic_cell,True,False,False,False,False,False
669,training,G029,94e002c3584f7b20f33cd919fdbf02025fda03a20f62802e48aed01e2912c742,LNP_ML,generic_cell,True,False,False,False,False,False
672,training,G030,078c8228b1ea4706c86fac1ecf66d78a84959a8f2d83cb014c2768d4a54684ef,LNP_ML,macrophage,True,False,False,False,False,False
673,training,G048,4f025592182de35f74f08aad9c3a8123385a76fea1f91328a49c00d212892558,LNP_ML,generic_cell,True,False,False,False,False,False
674,training,G048,4f025592182de35f74f08aad9c3a8123385a76fea1f91328a49c00d212892558,LNP_ML,generic_cell,True,False,False,False,False,False
675,training,G046,a18c68a9f46854b1965ecf27a7348129876e513e694554b604e7723a24d8b351,LNP_ML,liver,True,False,False,False,False,False
676,training,G054,f46113dec8501b2fbab18f16556060361bd056e02937eec13fc4939fffddf6df,LNP_ML,generic_cell,True,False,False,False,False,False
678,training,G031,efda46f30d9e2c8196de5e65ca0fc73215ca7cbccec5e48a4aaf84d76e361465,LNP_ML,generic_cell,True,False,False,False,False,False
679,training,G031,efda46f30d9e2c8196de5e65ca0fc73215ca7cbccec5e48a4aaf84d76e361465,LNP_ML,generic_cell,True,False,False,False,False,False
680,training,G021,671e1bc1e028b53bd8b5c118a48a6b83887672be08552d4ea42f926168d92721,LNP_Atlas,lung,False,True,True,True,True,True
681,training,G021,671e1bc1e028b53bd8b5c118a48a6b83887672be08552d4ea42f926168d92721,LNP_Atlas,lung,False,True,True,True,True,True
682,training,G021,671e1bc1e028b53bd8b5c118a48a6b83887672be08552d4ea42f926168d92721,LNP_Atlas,lung,False,True,True,True,True,True
683,training,G021,671e1bc1e028b53bd8b5c118a48a6b83887672be08552d4ea42f926168d92721,LNP_Atlas,lung,False,True,True,True,True,True
684,training,G021,671e1bc1e028b53bd8b5c118a48a6b83887672be08552d4ea42f926168d92721,LNP_Atlas,lung,False,True,True,True,True,True
685,training,G021,671e1bc1e028b53bd8b5c118a48a6b83887672be08552d4ea42f926168d92721,LNP_Atlas,lung,False,True,True,True,True,True
686,training,G021,671e1bc1e028b53bd8b5c118a48a6b83887672be08552d4ea42f926168d92721,LNP_Atlas,lung,False,True,True,True,True,True
687,training,G021,671e1bc1e028b53bd8b5c118a48a6b83887672be08552d4ea42f926168d92721,LNP_Atlas,lung,False,True,True,True,True,True
688,training,G021,671e1bc1e028b53bd8b5c118a48a6b83887672be08552d4ea42f926168d92721,LNP_Atlas,lung,False,True,True,True,True,True
689,training,G021,671e1bc1e028b53bd8b5c118a48a6b83887672be08552d4ea42f926168d92721,LNP_Atlas,lung,False,True,True,True,True,True
690,training,G021,671e1bc1e028b53bd8b5c118a48a6b83887672be08552d4ea42f926168d92721,LNP_Atlas,lung,False,True,True,True,True,True
691,training,G021,671e1bc1e028b53bd8b5c118a48a6b83887672be08552d4ea42f926168d92721,LNP_Atlas,lung,False,True,True,True,True,True
692,training,G021,671e1bc1e028b53bd8b5c118a48a6b83887672be08552d4ea42f926168d92721,LNP_Atlas,liver,False,True,True,True,True,True
693,training,G021,671e1bc1e028b53bd8b5c118a48a6b83887672be08552d4ea42f926168d92721,LNP_Atlas,lung,False,True,True,True,True,True
694,training,G021,671e1bc1e028b53bd8b5c118a48a6b83887672be08552d4ea42f926168d92721,LNP_Atlas,lung,False,True,True,True,True,True
695,training,G021,671e1bc1e028b53bd8b5c118a48a6b83887672be08552d4ea42f926168d92721,LNP_Atlas,lung,False,True,True,True,True,True
696,training,G021,671e1bc1e028b53bd8b5c118a48a6b83887672be08552d4ea42f926168d92721,LNP_Atlas,lung,False,True,True,True,True,True
697,training,G021,671e1bc1e028b53bd8b5c118a48a6b83887672be08552d4ea42f926168d92721,LNP_Atlas,lung,False,True,True,True,True,True
698,training,G021,671e1bc1e028b53bd8b5c118a48a6b83887672be08552d4ea42f926168d92721,LNP_Atlas,liver,False,True,True,True,True,True
699,training,G021,671e1bc1e028b53bd8b5c118a48a6b83887672be08552d4ea42f926168d92721,LNP_Atlas,lung,False,True,True,True,True,True
700,training,G021,671e1bc1e028b53bd8b5c118a48a6b83887672be08552d4ea42f926168d92721,LNP_Atlas,lung,False,True,True,True,True,True
701,training,G021,671e1bc1e028b53bd8b5c118a48a6b83887672be08552d4ea42f926168d92721,LNP_Atlas,lung,False,True,True,True,True,True
702,training,G021,671e1bc1e028b53bd8b5c118a48a6b83887672be08552d4ea42f926168d92721,LNP_Atlas,lung,False,True,True,True,True,True
703,training,G021,671e1bc1e028b53bd8b5c118a48a6b83887672be08552d4ea42f926168d92721,LNP_Atlas,lung,False,True,True,True,True,True
704,training,G021,671e1bc1e028b53bd8b5c118a48a6b83887672be08552d4ea42f926168d92721,LNP_Atlas,lung,False,True,True,True,True,True
705,training,G021,671e1bc1e028b53bd8b5c118a48a6b83887672be08552d4ea42f926168d92721,LNP_Atlas,lung,False,True,True,True,True,True
706,training,G021,671e1bc1e028b53bd8b5c118a48a6b83887672be08552d4ea42f926168d92721,LNP_Atlas,lung,False,True,True,True,True,True
707,training,G021,671e1bc1e028b53bd8b5c118a48a6b83887672be08552d4ea42f926168d92721,LNP_Atlas,lung,False,True,True,True,True,True
708,training,G021,671e1bc1e028b53bd8b5c118a48a6b83887672be08552d4ea42f926168d92721,LNP_Atlas,lung,False,True,True,True,True,True
709,training,G021,671e1bc1e028b53bd8b5c118a48a6b83887672be08552d4ea42f926168d92721,LNP_Atlas,lung,False,True,True,True,True,True
710,training,G021,671e1bc1e028b53bd8b5c118a48a6b83887672be08552d4ea42f926168d92721,LNP_Atlas,lung,False,True,True,True,True,True
711,training,G021,671e1bc1e028b53bd8b5c118a48a6b83887672be08552d4ea42f926168d92721,LNP_Atlas,lung,False,True,True,True,True,True
712,training,G021,671e1bc1e028b53bd8b5c118a48a6b83887672be08552d4ea42f926168d92721,LNP_Atlas,lung,False,True,True,True,True,True
713,training,G021,671e1bc1e028b53bd8b5c118a48a6b83887672be08552d4ea42f926168d92721,LNP_Atlas,lung,False,True,True,True,True,True
714,training,G021,671e1bc1e028b53bd8b5c118a48a6b83887672be08552d4ea42f926168d92721,LNP_Atlas,lung,False,True,True,True,True,True
715,training,G021,671e1bc1e028b53bd8b5c118a48a6b83887672be08552d4ea42f926168d92721,LNP_Atlas,lung,False,True,True,True,True,True
716,training,G021,671e1bc1e028b53bd8b5c118a48a6b83887672be08552d4ea42f926168d92721,LNP_Atlas,lung,False,True,True,True,True,True
717,training,G021,671e1bc1e028b53bd8b5c118a48a6b83887672be08552d4ea42f926168d92721,LNP_Atlas,lung,False,True,True,True,True,True
718,training,G021,671e1bc1e028b53bd8b5c118a48a6b83887672be08552d4ea42f926168d92721,LNP_Atlas,lung,False,True,True,True,True,True
719,training,G021,671e1bc1e028b53bd8b5c118a48a6b83887672be08552d4ea42f926168d92721,LNP_Atlas,lung,False,True,True,True,True,True
720,training,G021,671e1bc1e028b53bd8b5c118a48a6b83887672be08552d4ea42f926168d92721,LNP_Atlas,lung,False,True,True,True,True,True
721,training,G021,671e1bc1e028b53bd8b5c118a48a6b83887672be08552d4ea42f926168d92721,LNP_Atlas,lung,False,True,True,True,True,True
722,training,G021,671e1bc1e028b53bd8b5c118a48a6b83887672be08552d4ea42f926168d92721,LNP_Atlas,lung,False,True,True,True,True,True
723,training,G021,671e1bc1e028b53bd8b5c118a48a6b83887672be08552d4ea42f926168d92721,LNP_Atlas,lung,False,True,True,True,True,True
724,training,G021,671e1bc1e028b53bd8b5c118a48a6b83887672be08552d4ea42f926168d92721,LNP_Atlas,lung,False,True,True,True,True,True
725,training,G021,671e1bc1e028b53bd8b5c118a48a6b83887672be08552d4ea42f926168d92721,LNP_Atlas,lung,False,True,True,True,True,True
726,training,G021,671e1bc1e028b53bd8b5c118a48a6b83887672be08552d4ea42f926168d92721,LNP_Atlas,lung,False,True,True,True,True,True
727,training,G021,671e1bc1e028b53bd8b5c118a48a6b83887672be08552d4ea42f926168d92721,LNP_Atlas,lung,False,True,True,True,True,True
728,training,G021,671e1bc1e028b53bd8b5c118a48a6b83887672be08552d4ea42f926168d92721,LNP_Atlas,lung,False,True,True,True,True,True
729,training,G021,671e1bc1e028b53bd8b5c118a48a6b83887672be08552d4ea42f926168d92721,LNP_Atlas,lung,False,True,True,True,True,True
730,training,G021,671e1bc1e028b53bd8b5c118a48a6b83887672be08552d4ea42f926168d92721,LNP_Atlas,lung,False,True,True,True,True,True
731,training,G021,671e1bc1e028b53bd8b5c118a48a6b83887672be08552d4ea42f926168d92721,LNP_Atlas,lung,False,True,True,True,True,True
732,training,G021,671e1bc1e028b53bd8b5c118a48a6b83887672be08552d4ea42f926168d92721,LNP_Atlas,lung,False,True,True,True,True,True
733,training,G021,671e1bc1e028b53bd8b5c118a48a6b83887672be08552d4ea42f926168d92721,LNP_Atlas,lung,False,True,True,True,True,True
734,training,G021,671e1bc1e028b53bd8b5c118a48a6b83887672be08552d4ea42f926168d92721,LNP_Atlas,lung,False,True,True,True,True,True
735,training,G021,671e1bc1e028b53bd8b5c118a48a6b83887672be08552d4ea42f926168d92721,LNP_Atlas,lung,False,True,True,True,True,True
736,training,G021,671e1bc1e028b53bd8b5c118a48a6b83887672be08552d4ea42f926168d92721,LNP_Atlas,lung,False,True,True,True,True,True
737,training,G021,671e1bc1e028b53bd8b5c118a48a6b83887672be08552d4ea42f926168d92721,LNP_Atlas,lung,False,True,True,True,True,True
738,training,G021,671e1bc1e028b53bd8b5c118a48a6b83887672be08552d4ea42f926168d92721,LNP_Atlas,lung,False,True,True,True,True,True
739,training,G021,671e1bc1e028b53bd8b5c118a48a6b83887672be08552d4ea42f926168d92721,LNP_Atlas,lung,False,True,True,True,True,True
740,training,G021,671e1bc1e028b53bd8b5c118a48a6b83887672be08552d4ea42f926168d92721,LNP_Atlas,lung,False,True,True,True,True,True
741,training,G021,671e1bc1e028b53bd8b5c118a48a6b83887672be08552d4ea42f926168d92721,LNP_Atlas,lung,False,True,True,True,True,True
742,training,G021,671e1bc1e028b53bd8b5c118a48a6b83887672be08552d4ea42f926168d92721,LNP_Atlas,lung,False,True,True,True,True,True
743,training,G021,671e1bc1e028b53bd8b5c118a48a6b83887672be08552d4ea42f926168d92721,LNP_Atlas,lung,False,True,True,True,True,True
744,training,G021,671e1bc1e028b53bd8b5c118a48a6b83887672be08552d4ea42f926168d92721,LNP_Atlas,lung,False,True,True,True,True,True
745,training,G021,671e1bc1e028b53bd8b5c118a48a6b83887672be08552d4ea42f926168d92721,LNP_Atlas,lung,False,True,True,True,True,True
746,training,G021,671e1bc1e028b53bd8b5c118a48a6b83887672be08552d4ea42f926168d92721,LNP_Atlas,lung,False,True,True,True,True,True
747,training,G021,671e1bc1e028b53bd8b5c118a48a6b83887672be08552d4ea42f926168d92721,LNP_Atlas,lung,False,True,True,True,True,True
748,training,G021,671e1bc1e028b53bd8b5c118a48a6b83887672be08552d4ea42f926168d92721,LNP_Atlas,lung,False,True,True,True,True,True
749,training,G021,671e1bc1e028b53bd8b5c118a48a6b83887672be08552d4ea42f926168d92721,LNP_Atlas,lung,False,True,True,True,True,True
750,training,G021,671e1bc1e028b53bd8b5c118a48a6b83887672be08552d4ea42f926168d92721,LNP_Atlas,lung,False,True,True,True,True,True
751,training,G021,671e1bc1e028b53bd8b5c118a48a6b83887672be08552d4ea42f926168d92721,LNP_Atlas,lung,False,True,True,True,True,True
752,training,G021,671e1bc1e028b53bd8b5c118a48a6b83887672be08552d4ea42f926168d92721,LNP_Atlas,lung,False,True,True,True,True,True
753,training,G021,671e1bc1e028b53bd8b5c118a48a6b83887672be08552d4ea42f926168d92721,LNP_Atlas,lung,False,True,True,True,True,True
754,training,G021,671e1bc1e028b53bd8b5c118a48a6b83887672be08552d4ea42f926168d92721,LNP_Atlas,lung,False,True,True,True,True,True
755,training,G021,671e1bc1e028b53bd8b5c118a48a6b83887672be08552d4ea42f926168d92721,LNP_Atlas,lung,False,True,True,True,True,True
756,training,G021,671e1bc1e028b53bd8b5c118a48a6b83887672be08552d4ea42f926168d92721,LNP_Atlas,lung,False,True,True,True,True,True
757,training,G021,671e1bc1e028b53bd8b5c118a48a6b83887672be08552d4ea42f926168d92721,LNP_Atlas,lung,False,True,True,True,True,True
758,training,G021,671e1bc1e028b53bd8b5c118a48a6b83887672be08552d4ea42f926168d92721,LNP_Atlas,lung,False,True,True,True,True,True
759,training,G021,671e1bc1e028b53bd8b5c118a48a6b83887672be08552d4ea42f926168d92721,LNP_Atlas,lung,False,True,True,True,True,True
760,training,G021,671e1bc1e028b53bd8b5c118a48a6b83887672be08552d4ea42f926168d92721,LNP_Atlas,lung,False,True,True,True,True,True
761,training,G021,671e1bc1e028b53bd8b5c118a48a6b83887672be08552d4ea42f926168d92721,LNP_Atlas,lung,False,True,True,True,True,True
762,training,G021,671e1bc1e028b53bd8b5c118a48a6b83887672be08552d4ea42f926168d92721,LNP_Atlas,lung,False,True,True,True,True,True
763,training,G021,671e1bc1e028b53bd8b5c118a48a6b83887672be08552d4ea42f926168d92721,LNP_Atlas,lung,False,True,True,True,True,True
764,training,G021,671e1bc1e028b53bd8b5c118a48a6b83887672be08552d4ea42f926168d92721,LNP_Atlas,lung,False,True,True,True,True,True
765,training,G021,671e1bc1e028b53bd8b5c118a48a6b83887672be08552d4ea42f926168d92721,LNP_Atlas,lung,False,True,True,True,True,True
766,training,G021,671e1bc1e028b53bd8b5c118a48a6b83887672be08552d4ea42f926168d92721,LNP_Atlas,lung,False,True,True,True,True,True
767,training,G021,671e1bc1e028b53bd8b5c118a48a6b83887672be08552d4ea42f926168d92721,LNP_Atlas,lung,False,True,True,True,True,True
768,training,G021,671e1bc1e028b53bd8b5c118a48a6b83887672be08552d4ea42f926168d92721,LNP_Atlas,lung,False,True,True,True,True,True
769,training,G021,671e1bc1e028b53bd8b5c118a48a6b83887672be08552d4ea42f926168d92721,LNP_Atlas,lung,False,True,True,True,True,True
770,training,G021,671e1bc1e028b53bd8b5c118a48a6b83887672be08552d4ea42f926168d92721,LNP_Atlas,lung,False,True,True,True,True,True
8,validation,G045,bcd0481e2dbc7db53becf528b1b9c3e6e2e6210aaa499793a7c5bf87e3bd3a17,LNP_ML,generic_cell,True,False,False,False,False,False
54,validation,G045,bcd0481e2dbc7db53becf528b1b9c3e6e2e6210aaa499793a7c5bf87e3bd3a17,LNP_ML,generic_cell,True,False,False,False,False,False
59,validation,G045,bcd0481e2dbc7db53becf528b1b9c3e6e2e6210aaa499793a7c5bf87e3bd3a17,LNP_ML,generic_cell,True,False,False,False,False,False
65,validation,G045,bcd0481e2dbc7db53becf528b1b9c3e6e2e6210aaa499793a7c5bf87e3bd3a17,LNP_ML,generic_cell,True,False,False,False,False,False
81,validation,G045,bcd0481e2dbc7db53becf528b1b9c3e6e2e6210aaa499793a7c5bf87e3bd3a17,LNP_ML,generic_cell,True,False,False,False,False,False
88,validation,G045,bcd0481e2dbc7db53becf528b1b9c3e6e2e6210aaa499793a7c5bf87e3bd3a17,LNP_ML,generic_cell,True,False,False,False,False,False
89,validation,G045,bcd0481e2dbc7db53becf528b1b9c3e6e2e6210aaa499793a7c5bf87e3bd3a17,LNP_ML,generic_cell,True,False,False,False,False,False
92,validation,G047,3c0e8acd4ac262feea0a3672be69601aef65566ccf54f04d38859736f32a7ad7,LNP_ML,generic_cell,True,False,False,False,False,False
99,validation,G045,bcd0481e2dbc7db53becf528b1b9c3e6e2e6210aaa499793a7c5bf87e3bd3a17,LNP_ML,generic_cell,True,False,False,False,False,False
123,validation,G045,bcd0481e2dbc7db53becf528b1b9c3e6e2e6210aaa499793a7c5bf87e3bd3a17,LNP_ML,generic_cell,True,False,False,False,False,False
129,validation,G045,bcd0481e2dbc7db53becf528b1b9c3e6e2e6210aaa499793a7c5bf87e3bd3a17,LNP_ML,generic_cell,True,False,False,False,False,False
131,validation,G045,bcd0481e2dbc7db53becf528b1b9c3e6e2e6210aaa499793a7c5bf87e3bd3a17,LNP_ML,generic_cell,True,False,False,False,False,False
139,validation,G032,f95c959b4dcc921ffdee4724dd789954b0bf119b9088b0cd54f76df23c9ab7d6,LNP_ML,generic_cell,True,False,False,False,False,False
171,validation,G001,2ffa3b2bab15de0355f479f7017f17d12dab0cd5243f5d11e71ca6f58cc3f5af,LNP_Atlas,other,False,True,False,True,True,False
188,validation,G032,f95c959b4dcc921ffdee4724dd789954b0bf119b9088b0cd54f76df23c9ab7d6,LNP_ML,generic_cell,True,False,False,False,False,False
196,validation,G045,bcd0481e2dbc7db53becf528b1b9c3e6e2e6210aaa499793a7c5bf87e3bd3a17,LNP_ML,generic_cell,True,False,False,False,False,False
229,validation,G001,2ffa3b2bab15de0355f479f7017f17d12dab0cd5243f5d11e71ca6f58cc3f5af,LNP_Atlas,other,False,True,False,True,True,False
243,validation,G045,bcd0481e2dbc7db53becf528b1b9c3e6e2e6210aaa499793a7c5bf87e3bd3a17,LNP_ML,generic_cell,True,False,False,False,False,False
279,validation,G047,3c0e8acd4ac262feea0a3672be69601aef65566ccf54f04d38859736f32a7ad7,LNP_ML,generic_cell,True,False,False,False,False,False
281,validation,G045,bcd0481e2dbc7db53becf528b1b9c3e6e2e6210aaa499793a7c5bf87e3bd3a17,LNP_ML,generic_cell,True,False,False,False,False,False
296,validation,G032,f95c959b4dcc921ffdee4724dd789954b0bf119b9088b0cd54f76df23c9ab7d6,LNP_ML,generic_cell,True,False,False,False,False,False
306,validation,G001,2ffa3b2bab15de0355f479f7017f17d12dab0cd5243f5d11e71ca6f58cc3f5af,LNP_Atlas,other,False,True,False,True,True,False
337,validation,G045,bcd0481e2dbc7db53becf528b1b9c3e6e2e6210aaa499793a7c5bf87e3bd3a17,LNP_ML,generic_cell,True,False,False,False,False,False
372,validation,G045,bcd0481e2dbc7db53becf528b1b9c3e6e2e6210aaa499793a7c5bf87e3bd3a17,LNP_ML,generic_cell,True,False,False,False,False,False
374,validation,G045,bcd0481e2dbc7db53becf528b1b9c3e6e2e6210aaa499793a7c5bf87e3bd3a17,LNP_ML,generic_cell,True,False,False,False,False,False
377,validation,G032,f95c959b4dcc921ffdee4724dd789954b0bf119b9088b0cd54f76df23c9ab7d6,LNP_ML,generic_cell,True,False,False,False,False,False
382,validation,G047,3c0e8acd4ac262feea0a3672be69601aef65566ccf54f04d38859736f32a7ad7,LNP_ML,generic_cell,True,False,False,False,False,False
393,validation,G004,349b446265b4ee9770e137917d1987ed6194be89090118d210ede6e76aade1d1,LNP_Atlas,other,False,True,False,False,True,False
412,validation,G004,349b446265b4ee9770e137917d1987ed6194be89090118d210ede6e76aade1d1,LNP_Atlas,other,False,False,False,False,True,False
415,validation,G047,3c0e8acd4ac262feea0a3672be69601aef65566ccf54f04d38859736f32a7ad7,LNP_ML,generic_cell,True,False,False,False,False,False
436,validation,G045,bcd0481e2dbc7db53becf528b1b9c3e6e2e6210aaa499793a7c5bf87e3bd3a17,LNP_ML,generic_cell,True,False,False,False,False,False
440,validation,G047,3c0e8acd4ac262feea0a3672be69601aef65566ccf54f04d38859736f32a7ad7,LNP_ML,generic_cell,True,False,False,False,False,False
442,validation,G049,d966b2c34599e1900502b8e2b7c90a86e90260b84f3845a89ef9c8a78f62d9fd,LNP_ML,lung_epithelium,True,False,False,False,False,False
446,validation,G045,bcd0481e2dbc7db53becf528b1b9c3e6e2e6210aaa499793a7c5bf87e3bd3a17,LNP_ML,generic_cell,True,False,False,False,False,False
448,validation,G045,bcd0481e2dbc7db53becf528b1b9c3e6e2e6210aaa499793a7c5bf87e3bd3a17,LNP_ML,generic_cell,True,False,False,False,False,False
465,validation,G045,bcd0481e2dbc7db53becf528b1b9c3e6e2e6210aaa499793a7c5bf87e3bd3a17,LNP_ML,generic_cell,True,False,False,False,False,False
480,validation,G032,f95c959b4dcc921ffdee4724dd789954b0bf119b9088b0cd54f76df23c9ab7d6,LNP_ML,generic_cell,True,False,False,False,False,False
489,validation,G032,f95c959b4dcc921ffdee4724dd789954b0bf119b9088b0cd54f76df23c9ab7d6,LNP_ML,generic_cell,True,False,False,False,False,False
518,validation,G045,bcd0481e2dbc7db53becf528b1b9c3e6e2e6210aaa499793a7c5bf87e3bd3a17,LNP_ML,generic_cell,True,False,False,False,False,False
533,validation,G045,bcd0481e2dbc7db53becf528b1b9c3e6e2e6210aaa499793a7c5bf87e3bd3a17,LNP_ML,generic_cell,True,False,False,False,False,False
560,validation,G045,bcd0481e2dbc7db53becf528b1b9c3e6e2e6210aaa499793a7c5bf87e3bd3a17,LNP_ML,generic_cell,True,False,False,False,False,False
562,validation,G032,f95c959b4dcc921ffdee4724dd789954b0bf119b9088b0cd54f76df23c9ab7d6,LNP_ML,generic_cell,True,False,False,False,False,False
577,validation,G032,f95c959b4dcc921ffdee4724dd789954b0bf119b9088b0cd54f76df23c9ab7d6,LNP_ML,generic_cell,True,False,False,False,False,False
588,validation,G009,4d93d083912749810ee0f6918466efca58a6febfe34202926fb4308974fd8f41,LNP_Atlas,other,False,True,False,False,False,False
594,validation,G045,bcd0481e2dbc7db53becf528b1b9c3e6e2e6210aaa499793a7c5bf87e3bd3a17,LNP_ML,generic_cell,True,False,False,False,False,False
602,validation,G032,f95c959b4dcc921ffdee4724dd789954b0bf119b9088b0cd54f76df23c9ab7d6,LNP_ML,generic_cell,True,False,False,False,False,False
608,validation,G045,bcd0481e2dbc7db53becf528b1b9c3e6e2e6210aaa499793a7c5bf87e3bd3a17,LNP_ML,generic_cell,True,False,False,False,False,False
614,validation,G047,3c0e8acd4ac262feea0a3672be69601aef65566ccf54f04d38859736f32a7ad7,LNP_ML,generic_cell,True,False,False,False,False,False
615,validation,G032,f95c959b4dcc921ffdee4724dd789954b0bf119b9088b0cd54f76df23c9ab7d6,LNP_ML,generic_cell,True,False,False,False,False,False
625,validation,G049,d966b2c34599e1900502b8e2b7c90a86e90260b84f3845a89ef9c8a78f62d9fd,LNP_ML,lung_epithelium,True,False,False,False,False,False
635,validation,G045,bcd0481e2dbc7db53becf528b1b9c3e6e2e6210aaa499793a7c5bf87e3bd3a17,LNP_ML,generic_cell,True,False,False,False,False,False
638,validation,G007,d610465e504ced51033e08cf303af2a69eb7f05978211116e217d346cbed481d,LNP_Atlas,lung,False,True,False,False,False,False
646,validation,G006,9fd2e9ad175523b8affcf9b4b32ab15b950d726ad23d0df1a9ff36241fbd3a76,LNP_Atlas,other,False,True,False,False,False,False
22,test,G038,5e97f3179f3df09c3d6e7f5c87fb673279c33d843eb5da525d739db3807b3f29,LNP_ML,generic_cell,True,False,False,False,False,False
26,test,G038,5e97f3179f3df09c3d6e7f5c87fb673279c33d843eb5da525d739db3807b3f29,LNP_ML,generic_cell,True,False,False,False,False,False
32,test,G053,6efc314143e4edd74a62d45a517f5d9d0ace897a5c864e85a882db51454eeda9,LNP_ML,muscle,True,False,False,False,False,False
36,test,G038,5e97f3179f3df09c3d6e7f5c87fb673279c33d843eb5da525d739db3807b3f29,LNP_ML,generic_cell,True,False,False,False,False,False
37,test,G038,5e97f3179f3df09c3d6e7f5c87fb673279c33d843eb5da525d739db3807b3f29,LNP_ML,generic_cell,True,False,False,False,False,False
39,test,G053,6efc314143e4edd74a62d45a517f5d9d0ace897a5c864e85a882db51454eeda9,LNP_ML,muscle,True,False,False,False,False,False
43,test,G053,6efc314143e4edd74a62d45a517f5d9d0ace897a5c864e85a882db51454eeda9,LNP_ML,muscle,True,False,False,False,False,False
44,test,G038,5e97f3179f3df09c3d6e7f5c87fb673279c33d843eb5da525d739db3807b3f29,LNP_ML,generic_cell,True,False,False,False,False,False
60,test,G026,c73fa0bb4c82ffba735c76aa8177393038aa4302bf93a3d76434c87b425ea0f4,LNP_ML,lung_epithelium,True,False,False,False,False,False
67,test,G038,5e97f3179f3df09c3d6e7f5c87fb673279c33d843eb5da525d739db3807b3f29,LNP_ML,generic_cell,True,False,False,False,False,False
68,test,G026,c73fa0bb4c82ffba735c76aa8177393038aa4302bf93a3d76434c87b425ea0f4,LNP_ML,lung_epithelium,True,False,False,False,False,False
70,test,G038,5e97f3179f3df09c3d6e7f5c87fb673279c33d843eb5da525d739db3807b3f29,LNP_ML,generic_cell,True,False,False,False,False,False
74,test,G037,e4c0a07dd0535716e32a00073a095f2cddead76c2468f9259f69b6af6b3109cc,LNP_ML,generic_cell,True,False,False,False,False,False
76,test,G038,5e97f3179f3df09c3d6e7f5c87fb673279c33d843eb5da525d739db3807b3f29,LNP_ML,generic_cell,True,False,False,False,False,False
96,test,G038,5e97f3179f3df09c3d6e7f5c87fb673279c33d843eb5da525d739db3807b3f29,LNP_ML,generic_cell,True,False,False,False,False,False
100,test,G037,e4c0a07dd0535716e32a00073a095f2cddead76c2468f9259f69b6af6b3109cc,LNP_ML,generic_cell,True,False,False,False,False,False
109,test,G026,c73fa0bb4c82ffba735c76aa8177393038aa4302bf93a3d76434c87b425ea0f4,LNP_ML,lung_epithelium,True,False,False,False,False,False
112,test,G037,e4c0a07dd0535716e32a00073a095f2cddead76c2468f9259f69b6af6b3109cc,LNP_ML,generic_cell,True,False,False,False,False,False
115,test,G038,5e97f3179f3df09c3d6e7f5c87fb673279c33d843eb5da525d739db3807b3f29,LNP_ML,generic_cell,True,False,False,False,False,False
119,test,G038,5e97f3179f3df09c3d6e7f5c87fb673279c33d843eb5da525d739db3807b3f29,LNP_ML,generic_cell,True,False,False,False,False,False
124,test,G018,c7c205049755bfb1397a842e3d53b1833b02500d4e72352204e8d09d0e7fd839,LNP_Atlas,other,False,True,True,True,True,False
137,test,G053,6efc314143e4edd74a62d45a517f5d9d0ace897a5c864e85a882db51454eeda9,LNP_ML,muscle,True,False,False,False,False,False
146,test,G037,e4c0a07dd0535716e32a00073a095f2cddead76c2468f9259f69b6af6b3109cc,LNP_ML,generic_cell,True,False,False,False,False,False
147,test,G037,e4c0a07dd0535716e32a00073a095f2cddead76c2468f9259f69b6af6b3109cc,LNP_ML,generic_cell,True,False,False,False,False,False
152,test,G037,e4c0a07dd0535716e32a00073a095f2cddead76c2468f9259f69b6af6b3109cc,LNP_ML,generic_cell,True,False,False,False,False,False
159,test,G053,6efc314143e4edd74a62d45a517f5d9d0ace897a5c864e85a882db51454eeda9,LNP_ML,muscle,True,False,False,False,False,False
164,test,G005,fa2869c6dfd91831aef67188d68ad922aca65f6bf8afba4e2066a340acfdf85f,LNP_Atlas,other,False,True,False,True,True,False
176,test,G026,c73fa0bb4c82ffba735c76aa8177393038aa4302bf93a3d76434c87b425ea0f4,LNP_ML,lung_epithelium,True,False,False,False,False,False
186,test,G038,5e97f3179f3df09c3d6e7f5c87fb673279c33d843eb5da525d739db3807b3f29,LNP_ML,generic_cell,True,False,False,False,False,False
189,test,G037,e4c0a07dd0535716e32a00073a095f2cddead76c2468f9259f69b6af6b3109cc,LNP_ML,generic_cell,True,False,False,False,False,False
192,test,G026,c73fa0bb4c82ffba735c76aa8177393038aa4302bf93a3d76434c87b425ea0f4,LNP_ML,lung_epithelium,True,False,False,False,False,False
197,test,G026,c73fa0bb4c82ffba735c76aa8177393038aa4302bf93a3d76434c87b425ea0f4,LNP_ML,lung_epithelium,True,False,False,False,False,False
206,test,G026,c73fa0bb4c82ffba735c76aa8177393038aa4302bf93a3d76434c87b425ea0f4,LNP_ML,lung_epithelium,True,False,False,False,False,False
214,test,G038,5e97f3179f3df09c3d6e7f5c87fb673279c33d843eb5da525d739db3807b3f29,LNP_ML,generic_cell,True,False,False,False,False,False
220,test,G026,c73fa0bb4c82ffba735c76aa8177393038aa4302bf93a3d76434c87b425ea0f4,LNP_ML,lung_epithelium,True,False,False,False,False,False
240,test,G037,e4c0a07dd0535716e32a00073a095f2cddead76c2468f9259f69b6af6b3109cc,LNP_ML,generic_cell,True,False,False,False,False,False
244,test,G038,5e97f3179f3df09c3d6e7f5c87fb673279c33d843eb5da525d739db3807b3f29,LNP_ML,generic_cell,True,False,False,False,False,False
245,test,G038,5e97f3179f3df09c3d6e7f5c87fb673279c33d843eb5da525d739db3807b3f29,LNP_ML,generic_cell,True,False,False,False,False,False
246,test,G026,c73fa0bb4c82ffba735c76aa8177393038aa4302bf93a3d76434c87b425ea0f4,LNP_ML,lung_epithelium,True,False,False,False,False,False
263,test,G026,c73fa0bb4c82ffba735c76aa8177393038aa4302bf93a3d76434c87b425ea0f4,LNP_ML,lung_epithelium,True,False,False,False,False,False
272,test,G026,c73fa0bb4c82ffba735c76aa8177393038aa4302bf93a3d76434c87b425ea0f4,LNP_ML,lung_epithelium,True,False,False,False,False,False
274,test,G037,e4c0a07dd0535716e32a00073a095f2cddead76c2468f9259f69b6af6b3109cc,LNP_ML,generic_cell,True,False,False,False,False,False
287,test,G026,c73fa0bb4c82ffba735c76aa8177393038aa4302bf93a3d76434c87b425ea0f4,LNP_ML,lung_epithelium,True,False,False,False,False,False
292,test,G037,e4c0a07dd0535716e32a00073a095f2cddead76c2468f9259f69b6af6b3109cc,LNP_ML,generic_cell,True,False,False,False,False,False
308,test,G037,e4c0a07dd0535716e32a00073a095f2cddead76c2468f9259f69b6af6b3109cc,LNP_ML,generic_cell,True,False,False,False,False,False
309,test,G037,e4c0a07dd0535716e32a00073a095f2cddead76c2468f9259f69b6af6b3109cc,LNP_ML,generic_cell,True,False,False,False,False,False
311,test,G053,6efc314143e4edd74a62d45a517f5d9d0ace897a5c864e85a882db51454eeda9,LNP_ML,muscle,True,False,False,False,False,False
312,test,G053,6efc314143e4edd74a62d45a517f5d9d0ace897a5c864e85a882db51454eeda9,LNP_ML,muscle,True,False,False,False,False,False
317,test,G037,e4c0a07dd0535716e32a00073a095f2cddead76c2468f9259f69b6af6b3109cc,LNP_ML,generic_cell,True,False,False,False,False,False
322,test,G037,e4c0a07dd0535716e32a00073a095f2cddead76c2468f9259f69b6af6b3109cc,LNP_ML,generic_cell,True,False,False,False,False,False
325,test,G038,5e97f3179f3df09c3d6e7f5c87fb673279c33d843eb5da525d739db3807b3f29,LNP_ML,generic_cell,True,False,False,False,False,False
350,test,G037,e4c0a07dd0535716e32a00073a095f2cddead76c2468f9259f69b6af6b3109cc,LNP_ML,generic_cell,True,False,False,False,False,False
355,test,G014,df665e632b5992583da1778501d2da12c34ace12db6325a1c8f678dd2295930d,LNP_Atlas,other,False,True,False,False,False,False
358,test,G037,e4c0a07dd0535716e32a00073a095f2cddead76c2468f9259f69b6af6b3109cc,LNP_ML,generic_cell,True,False,False,False,False,False
368,test,G035,51b4bbebfdbd059f7d1d74e48c8a8253e25f5b2bd42794ab9779a7f9a5a50375,LNP_ML,lung_epithelium,True,False,False,False,False,False
371,test,G026,c73fa0bb4c82ffba735c76aa8177393038aa4302bf93a3d76434c87b425ea0f4,LNP_ML,lung_epithelium,True,False,False,False,False,False
373,test,G026,c73fa0bb4c82ffba735c76aa8177393038aa4302bf93a3d76434c87b425ea0f4,LNP_ML,lung_epithelium,True,False,False,False,False,False
387,test,G026,c73fa0bb4c82ffba735c76aa8177393038aa4302bf93a3d76434c87b425ea0f4,LNP_ML,lung_epithelium,True,False,False,False,False,False
391,test,G038,5e97f3179f3df09c3d6e7f5c87fb673279c33d843eb5da525d739db3807b3f29,LNP_ML,generic_cell,True,False,False,False,False,False
395,test,G038,5e97f3179f3df09c3d6e7f5c87fb673279c33d843eb5da525d739db3807b3f29,LNP_ML,generic_cell,True,False,False,False,False,False
398,test,G037,e4c0a07dd0535716e32a00073a095f2cddead76c2468f9259f69b6af6b3109cc,LNP_ML,generic_cell,True,False,False,False,False,False
399,test,G026,c73fa0bb4c82ffba735c76aa8177393038aa4302bf93a3d76434c87b425ea0f4,LNP_ML,lung_epithelium,True,False,False,False,False,False
405,test,G053,6efc314143e4edd74a62d45a517f5d9d0ace897a5c864e85a882db51454eeda9,LNP_ML,muscle,True,False,False,False,False,False
409,test,G026,c73fa0bb4c82ffba735c76aa8177393038aa4302bf93a3d76434c87b425ea0f4,LNP_ML,lung_epithelium,True,False,False,False,False,False
416,test,G038,5e97f3179f3df09c3d6e7f5c87fb673279c33d843eb5da525d739db3807b3f29,LNP_ML,generic_cell,True,False,False,False,False,False
422,test,G038,5e97f3179f3df09c3d6e7f5c87fb673279c33d843eb5da525d739db3807b3f29,LNP_ML,generic_cell,True,False,False,False,False,False
424,test,G038,5e97f3179f3df09c3d6e7f5c87fb673279c33d843eb5da525d739db3807b3f29,LNP_ML,generic_cell,True,False,False,False,False,False
426,test,G026,c73fa0bb4c82ffba735c76aa8177393038aa4302bf93a3d76434c87b425ea0f4,LNP_ML,lung_epithelium,True,False,False,False,False,False
427,test,G037,e4c0a07dd0535716e32a00073a095f2cddead76c2468f9259f69b6af6b3109cc,LNP_ML,generic_cell,True,False,False,False,False,False
428,test,G053,6efc314143e4edd74a62d45a517f5d9d0ace897a5c864e85a882db51454eeda9,LNP_ML,muscle,True,False,False,False,False,False
437,test,G037,e4c0a07dd0535716e32a00073a095f2cddead76c2468f9259f69b6af6b3109cc,LNP_ML,generic_cell,True,False,False,False,False,False
452,test,G026,c73fa0bb4c82ffba735c76aa8177393038aa4302bf93a3d76434c87b425ea0f4,LNP_ML,lung_epithelium,True,False,False,False,False,False
455,test,G026,c73fa0bb4c82ffba735c76aa8177393038aa4302bf93a3d76434c87b425ea0f4,LNP_ML,lung_epithelium,True,False,False,False,False,False
457,test,G037,e4c0a07dd0535716e32a00073a095f2cddead76c2468f9259f69b6af6b3109cc,LNP_ML,generic_cell,True,False,False,False,False,False
458,test,G038,5e97f3179f3df09c3d6e7f5c87fb673279c33d843eb5da525d739db3807b3f29,LNP_ML,generic_cell,True,False,False,False,False,False
467,test,G038,5e97f3179f3df09c3d6e7f5c87fb673279c33d843eb5da525d739db3807b3f29,LNP_ML,generic_cell,True,False,False,False,False,False
476,test,G038,5e97f3179f3df09c3d6e7f5c87fb673279c33d843eb5da525d739db3807b3f29,LNP_ML,generic_cell,True,False,False,False,False,False
504,test,G026,c73fa0bb4c82ffba735c76aa8177393038aa4302bf93a3d76434c87b425ea0f4,LNP_ML,lung_epithelium,True,False,False,False,False,False
508,test,G038,5e97f3179f3df09c3d6e7f5c87fb673279c33d843eb5da525d739db3807b3f29,LNP_ML,generic_cell,True,False,False,False,False,False
515,test,G053,6efc314143e4edd74a62d45a517f5d9d0ace897a5c864e85a882db51454eeda9,LNP_ML,muscle,True,False,False,False,False,False
517,test,G037,e4c0a07dd0535716e32a00073a095f2cddead76c2468f9259f69b6af6b3109cc,LNP_ML,generic_cell,True,False,False,False,False,False
530,test,G018,c7c205049755bfb1397a842e3d53b1833b02500d4e72352204e8d09d0e7fd839,LNP_Atlas,other,False,True,True,True,True,False
531,test,G005,fa2869c6dfd91831aef67188d68ad922aca65f6bf8afba4e2066a340acfdf85f,LNP_Atlas,other,False,True,False,True,True,False
538,test,G026,c73fa0bb4c82ffba735c76aa8177393038aa4302bf93a3d76434c87b425ea0f4,LNP_ML,lung_epithelium,True,False,False,False,False,False
539,test,G037,e4c0a07dd0535716e32a00073a095f2cddead76c2468f9259f69b6af6b3109cc,LNP_ML,generic_cell,True,False,False,False,False,False
553,test,G053,6efc314143e4edd74a62d45a517f5d9d0ace897a5c864e85a882db51454eeda9,LNP_ML,muscle,True,False,False,False,False,False
563,test,G037,e4c0a07dd0535716e32a00073a095f2cddead76c2468f9259f69b6af6b3109cc,LNP_ML,generic_cell,True,False,False,False,False,False
564,test,G037,e4c0a07dd0535716e32a00073a095f2cddead76c2468f9259f69b6af6b3109cc,LNP_ML,generic_cell,True,False,False,False,False,False
570,test,G026,c73fa0bb4c82ffba735c76aa8177393038aa4302bf93a3d76434c87b425ea0f4,LNP_ML,lung_epithelium,True,False,False,False,False,False
572,test,G038,5e97f3179f3df09c3d6e7f5c87fb673279c33d843eb5da525d739db3807b3f29,LNP_ML,generic_cell,True,False,False,False,False,False
580,test,G053,6efc314143e4edd74a62d45a517f5d9d0ace897a5c864e85a882db51454eeda9,LNP_ML,muscle,True,False,False,False,False,False
585,test,G038,5e97f3179f3df09c3d6e7f5c87fb673279c33d843eb5da525d739db3807b3f29,LNP_ML,generic_cell,True,False,False,False,False,False
591,test,G053,6efc314143e4edd74a62d45a517f5d9d0ace897a5c864e85a882db51454eeda9,LNP_ML,muscle,True,False,False,False,False,False
595,test,G037,e4c0a07dd0535716e32a00073a095f2cddead76c2468f9259f69b6af6b3109cc,LNP_ML,generic_cell,True,False,False,False,False,False
598,test,G037,e4c0a07dd0535716e32a00073a095f2cddead76c2468f9259f69b6af6b3109cc,LNP_ML,generic_cell,True,False,False,False,False,False
606,test,G026,c73fa0bb4c82ffba735c76aa8177393038aa4302bf93a3d76434c87b425ea0f4,LNP_ML,lung_epithelium,True,False,False,False,False,False
617,test,G038,5e97f3179f3df09c3d6e7f5c87fb673279c33d843eb5da525d739db3807b3f29,LNP_ML,generic_cell,True,False,False,False,False,False
626,test,G038,5e97f3179f3df09c3d6e7f5c87fb673279c33d843eb5da525d739db3807b3f29,LNP_ML,generic_cell,True,False,False,False,False,False
632,test,G026,c73fa0bb4c82ffba735c76aa8177393038aa4302bf93a3d76434c87b425ea0f4,LNP_ML,lung_epithelium,True,False,False,False,False,False
649,test,G013,ad168db821a4228d03d7128deef149673cc5b320890c4567db9b9f234ef1bc2a,LNP_Atlas,liver,False,True,True,True,False,False
658,test,G037,e4c0a07dd0535716e32a00073a095f2cddead76c2468f9259f69b6af6b3109cc,LNP_ML,generic_cell,True,False,False,False,False,False
670,test,G026,c73fa0bb4c82ffba735c76aa8177393038aa4302bf93a3d76434c87b425ea0f4,LNP_ML,lung_epithelium,True,False,False,False,False,False
671,test,G038,5e97f3179f3df09c3d6e7f5c87fb673279c33d843eb5da525d739db3807b3f29,LNP_ML,generic_cell,True,False,False,False,False,False
677,test,G038,5e97f3179f3df09c3d6e7f5c87fb673279c33d843eb5da525d739db3807b3f29,LNP_ML,generic_cell,True,False,False,False,False,False
771,test,G017,8a3c454b65700e6c0bc9bcd07ec750a2dfb156eb5f82f5877e6baedf29e79cf6,LNP_Atlas,other,False,True,False,True,True,True
772,test,G017,8a3c454b65700e6c0bc9bcd07ec750a2dfb156eb5f82f5877e6baedf29e79cf6,LNP_Atlas,other,False,True,False,True,True,True
773,test,G017,8a3c454b65700e6c0bc9bcd07ec750a2dfb156eb5f82f5877e6baedf29e79cf6,LNP_Atlas,other,False,True,False,True,True,True
774,test,G017,8a3c454b65700e6c0bc9bcd07ec750a2dfb156eb5f82f5877e6baedf29e79cf6,LNP_Atlas,other,False,False,False,False,True,True
