group,n,rmse,point_spearman,rank_spearman,ndcg,hit_recall_5pct,regret_5pct,normalized_regret_5pct,hit_recall_10pct,regret_10pct,normalized_regret_10pct,hit_recall_20pct,regret_20pct,normalized_regret_20pct,source,model,seed,fold_index,split
screen:A549_form_screen_RM_Michael_addition_branched_lung_epithelium_A549_in_vitro,1156,0.9798986749856157,0.23828631775344775,0.2393874037814488,0.945242809352785,0.034482758620689655,0.15291273593902588,0.029462712307355126,0.14655172413793102,0.15291273593902588,0.029462712307355126,0.22844827586206898,0.10793840885162354,0.02079721003865335,ablation_results\20260903_092154\results.json,A115_dual_rank_residual,20260723,0,val
screen:IR_4CR_ketone_4CR_Ketone_muscle_Mouse_intramuscular,71,1.0388512780140433,-0.20879130098742535,-0.1837739044990509,0.901900213504674,0.0,0.8526285886764526,0.21864881476840708,0.0,0.741662323474884,0.19019252947862697,0.06666666666666667,0.1533064842224121,0.03931404777732812,ablation_results\20260903_092154\results.json,A115_dual_rank_residual,20260723,0,val
screen:IR_BL_AG_3CR_sting_IR_3CR_sting_generic_cell_HeLa_in_vitro,480,1.0469169206787192,-0.1471421062068605,0.071607819115403,0.8634417798576569,0.0,1.8054418563842773,0.3099246189457277,0.16666666666666666,0.41521763801574707,0.07127682776741022,0.3541666666666667,0.28795504570007324,0.049430757072854575,ablation_results\20260903_092154\results.json,A115_dual_rank_residual,20260723,0,val
screen:IR_BL_AG_4CR_IR_4CR_aldehyde_generic_cell_HeLa_in_vitro,560,1.0007284369642122,-0.03331779308634924,-0.02476650710917425,0.8971534430358101,0.17857142857142858,2.2701199054718018,0.3134697252262955,0.25,1.3475277423858643,0.18607349775769547,0.25,0.9930377006530762,0.13712370629091367,ablation_results\20260903_092154\results.json,A115_dual_rank_residual,20260723,0,val
screen:Li_enzyme_catalyzed_Li_enzyme_catalyzed_generic_cell_HEK293T_in_vitro,144,0.9672866095089101,0.48105222564365524,0.6938643136971078,0.614194519717199,0.25,4.017602920532227,0.5261438042292267,0.4,4.017602920532227,0.5261438042292267,0.6551724137931034,0.0,0.0,ablation_results\20260903_092154\results.json,A115_dual_rank_residual,20260723,0,val
screen:Raj_Jacob_ML_branched_ester_RM_Michael_addition_branched_spleen_Mouse_intravenous,97,0.9909434935580478,0.3370787994345639,0.38690165060976806,0.8952306552053549,0.2,1.1414949893951416,0.22313515013947996,0.2,1.1414949893951416,0.22313515013947996,0.25,1.1414949893951416,0.22313515013947996,ablation_results\20260903_092154\results.json,A115_dual_rank_residual,20260723,0,val
screen:Zhou_dendrimer_Zhou_dendrimer_liver_Mouse_intravenous,24,1.02603082007787,-0.22251948007103262,0.1791235648704578,0.7450996710339844,0.0,0.0,0.0,0.3333333333333333,0.0,0.0,0.2,0.0,0.0,ablation_results\20260903_092154\results.json,A115_dual_rank_residual,20260723,0,val
screen:A549_form_screen_RM_Michael_addition_branched_lung_epithelium_A549_in_vitro,1156,0.825771976919032,0.554916368479859,0.554916368479859,0.9700528917932584,0.25862068965517243,0.0,0.0,0.35344827586206895,0.0,0.0,0.4482758620689655,0.0,0.0,method\benchmark_results\matched_baselines_20260902_171216\predictions.csv,Metadata only / Extra Trees,20260723,0,val
screen:IR_4CR_ketone_4CR_Ketone_muscle_Mouse_intramuscular,71,1.002126050520727,-0.09759195670386203,-0.09759195670386203,0.8980684411339507,0.0,0.9863493592613697,0.2529402897161891,0.125,0.34552932383009183,0.08860784108023428,0.13333333333333333,0.23421382682477843,0.0600619979689148,method\benchmark_results\matched_baselines_20260902_171216\predictions.csv,Metadata only / Extra Trees,20260723,0,val
screen:IR_BL_AG_3CR_sting_IR_3CR_sting_generic_cell_HeLa_in_vitro,480,1.0000573600758198,,,0.8634197777464072,0.16666666666666666,0.0,0.0,0.16666666666666666,0.0,0.0,0.3020833333333333,0.0,0.0,method\benchmark_results\matched_baselines_20260902_171216\predictions.csv,Metadata only / Extra Trees,20260723,0,val
screen:IR_BL_AG_4CR_IR_4CR_aldehyde_generic_cell_HeLa_in_vitro,560,1.0000573600758198,,,0.8980610599961973,0.10714285714285714,2.7976252777891615,0.3863103620103548,0.26785714285714285,2.7976252777891615,0.3863103620103548,0.13392857142857142,2.7976252777891615,0.3863103620103548,method\benchmark_results\matched_baselines_20260902_171216\predictions.csv,Metadata only / Extra Trees,20260723,0,val
screen:Li_enzyme_catalyzed_Li_enzyme_catalyzed_generic_cell_HEK293T_in_vitro,144,1.0001521782111487,,,0.4536589516949834,0.0,6.288421372246603,0.8235294117634588,0.13333333333333333,6.288421372246603,0.8235294117634588,0.20689655172413793,6.288421372246603,0.8235294117634588,method\benchmark_results\matched_baselines_20260902_171216\predictions.csv,Metadata only / Extra Trees,20260723,0,val
screen:Raj_Jacob_ML_branched_ester_RM_Michael_addition_branched_spleen_Mouse_intravenous,97,0.9164569826659502,0.48674248167376954,0.48674248167376954,0.9211972585630448,0.2,0.9598322450829211,0.187624407234874,0.3,0.0,0.0,0.35,0.0,0.0,method\benchmark_results\matched_baselines_20260902_171216\predictions.csv,Metadata only / Extra Trees,20260723,0,val
screen:Zhou_dendrimer_Zhou_dendrimer_liver_Mouse_intravenous,24,1.0054641175320254,,,0.7483990932562883,1.0,0.0,0.0,1.0,0.0,0.0,0.6,0.0,0.0,method\benchmark_results\matched_baselines_20260902_171216\predictions.csv,Metadata only / Extra Trees,20260723,0,val
screen:A549_form_screen_RM_Michael_addition_branched_lung_epithelium_A549_in_vitro,1156,0.9725030869791724,0.38393435128034653,0.38393435128034653,0.9647082049201942,0.06896551724137931,0.09894361916009675,0.01906412478336217,0.20689655172413793,0.09894361916009675,0.01906412478336217,0.33189655172413796,0.02698462340729879,0.005199306759098711,method\benchmark_results\matched_baselines_20260902_171216\predictions.csv,Ionizable Morgan + metadata / Extra Trees,20260723,0,val
screen:IR_4CR_ketone_4CR_Ketone_muscle_Mouse_intramuscular,71,1.0019670261671536,0.02142911039687838,0.02142911039687838,0.8967978611241688,0.0,0.7128902151349302,0.18281418835928248,0.0,0.7128902151349302,0.18281418835928248,0.13333333333333333,0.4206093092347454,0.10786141800186537,method\benchmark_results\matched_baselines_20260902_171216\predictions.csv,Ionizable Morgan + metadata / Extra Trees,20260723,0,val
screen:IR_BL_AG_3CR_sting_IR_3CR_sting_generic_cell_HeLa_in_vitro,480,1.0552349455837253,0.3117039973702236,0.3117039973702236,0.8820573054407115,0.041666666666666664,0.7707874557869983,0.13231443335530382,0.3333333333333333,0.4152175673795435,0.07127681792757934,0.5104166666666666,0.0,0.0,method\benchmark_results\matched_baselines_20260902_171216\predictions.csv,Ionizable Morgan + metadata / Extra Trees,20260723,0,val
screen:IR_BL_AG_4CR_IR_4CR_aldehyde_generic_cell_HeLa_in_vitro,560,1.0018739530208647,-0.03570106146819153,-0.03570106146819153,0.8934998915792421,0.03571428571428571,1.8315339123439456,0.2529075406664072,0.07142857142857142,1.8315339123439456,0.2529075406664072,0.11607142857142858,1.8315339123439456,0.2529075406664072,method\benchmark_results\matched_baselines_20260902_171216\predictions.csv,Ionizable Morgan + metadata / Extra Trees,20260723,0,val
screen:Li_enzyme_catalyzed_Li_enzyme_catalyzed_generic_cell_HEK293T_in_vitro,144,0.993609144090299,0.399548638655179,0.399548638655179,0.4924060691816284,0.125,4.017602543211157,0.5261437908267944,0.4,4.017602543211157,0.5261437908267944,0.4482758620689655,4.017602543211157,0.5261437908267944,method\benchmark_results\matched_baselines_20260902_171216\predictions.csv,Ionizable Morgan + metadata / Extra Trees,20260723,0,val
screen:Raj_Jacob_ML_branched_ester_RM_Michael_addition_branched_spleen_Mouse_intravenous,97,0.8874826922362934,0.5764273104758112,0.5764273104758112,0.9105545424316256,0.0,1.5955066597846574,0.3118836576026141,0.3,0.0,0.0,0.4,0.0,0.0,method\benchmark_results\matched_baselines_20260902_171216\predictions.csv,Ionizable Morgan + metadata / Extra Trees,20260723,0,val
screen:Zhou_dendrimer_Zhou_dendrimer_liver_Mouse_intravenous,24,0.9996008043357297,0.2742252513738452,0.2742252513738452,0.870748025382994,0.0,0.0,0.0,0.3333333333333333,0.0,0.0,0.2,0.0,0.0,method\benchmark_results\matched_baselines_20260902_171216\predictions.csv,Ionizable Morgan + metadata / Extra Trees,20260723,0,val
screen:A549_form_screen_RM_Michael_addition_branched_lung_epithelium_A549_in_vitro,1156,0.8262504438279078,0.559383207736228,0.38393435128034653,0.9647082070727938,0.06896551724137931,0.09894347190856934,0.019064095803605713,0.20689655172413793,0.09894347190856934,0.019064095803605713,0.33189655172413796,0.026984453201293945,0.0051992737986064986,method\benchmark_results\dual_head_hybrid_postfix_20260903_093428,validation_selected_neural_tree_hybrid,20260723,0,val
screen:IR_4CR_ketone_4CR_Ketone_muscle_Mouse_intramuscular,71,1.003496792586462,-0.2162361562426789,0.02142911039687838,0.8967978661198037,0.0,0.712890088558197,0.18281415260231626,0.0,0.712890088558197,0.18281415260231626,0.13333333333333333,0.4206092357635498,0.10786139721529316,method\benchmark_results\dual_head_hybrid_postfix_20260903_093428,validation_selected_neural_tree_hybrid,20260723,0,val
screen:IR_BL_AG_3CR_sting_IR_3CR_sting_generic_cell_HeLa_in_vitro,480,1.0024184570475934,-0.1471421062068605,0.3117039973702236,0.8820573070501375,0.041666666666666664,0.7707874774932861,0.13231443283842864,0.3333333333333333,0.41521763801574707,0.07127682776741022,0.5104166666666666,0.0,0.0,method\benchmark_results\dual_head_hybrid_postfix_20260903_093428,validation_selected_neural_tree_hybrid,20260723,0,val
screen:IR_BL_AG_4CR_IR_4CR_aldehyde_generic_cell_HeLa_in_vitro,560,0.9992679953440954,-0.03331779308634924,-0.03570106146819153,0.8934998885317321,0.03571428571428571,1.8315339088439941,0.25290753574915137,0.07142857142857142,1.8315339088439941,0.25290753574915137,0.11607142857142858,1.8315339088439941,0.25290753574915137,method\benchmark_results\dual_head_hybrid_postfix_20260903_093428,validation_selected_neural_tree_hybrid,20260723,0,val
screen:Li_enzyme_catalyzed_Li_enzyme_catalyzed_generic_cell_HEK293T_in_vitro,144,0.9871202052256607,0.48105222564365524,0.399548638655179,0.49240606056057573,0.125,4.017602920532227,0.5261438042292267,0.4,4.017602920532227,0.5261438042292267,0.4482758620689655,4.017602920532227,0.5261438042292267,method\benchmark_results\dual_head_hybrid_postfix_20260903_093428,validation_selected_neural_tree_hybrid,20260723,0,val
screen:Raj_Jacob_ML_branched_ester_RM_Michael_addition_branched_spleen_Mouse_intravenous,97,0.9217773367898071,0.48703770669647267,0.5764273104758112,0.9105545495724378,0.0,1.5955066680908203,0.311883646656769,0.3,0.0,0.0,0.4,0.0,0.0,method\benchmark_results\dual_head_hybrid_postfix_20260903_093428,validation_selected_neural_tree_hybrid,20260723,0,val
screen:Zhou_dendrimer_Zhou_dendrimer_liver_Mouse_intravenous,24,1.00722889320515,-0.22251948007103262,0.2742252513738452,0.8707480308242705,0.0,0.0,0.0,0.3333333333333333,0.0,0.0,0.2,0.0,0.0,method\benchmark_results\dual_head_hybrid_postfix_20260903_093428,validation_selected_neural_tree_hybrid,20260723,0,val
screen:Akinc_Michael_addition_Akinc_Michael_generic_cell_HeLa_in_vitro,487,1.0132081358097038,0.14390266247820738,0.09140075450644962,0.5028692881110348,0.0,4.376218318939209,0.7500000204301895,0.04081632653061224,4.376218318939209,0.7500000204301895,0.17346938775510204,0.0,0.0,ablation_results\20260903_092154\results.json,A115_dual_rank_residual,20260723,0,test
screen:Chen_disulfide_Chen_disulfide_generic_cell_IGROV1_in_vitro,100,0.908009056107264,0.44850042195708173,0.2666126108707701,0.9406640695043237,0.2,0.0,0.0,0.1,0.0,0.0,0.35,0.0,0.0,ablation_results\20260903_092154\results.json,A115_dual_rank_residual,20260723,0,test
screen:IR_4CR_ketone_4CR_Ketone_lung_epithelium_HBEC_ALI_in_vitro,28,1.0399097828913482,-0.37275341431279946,-0.32667656739182427,0.7260033185984976,0.0,2.5391993150115013,0.6153846152457172,0.0,2.5391993150115013,0.6153846152457172,0.16666666666666666,0.0,0.0,ablation_results\20260903_092154\results.json,A115_dual_rank_residual,20260723,0,test
screen:LM_3CR_LM_3CR_dendritic_cell_BMDM_in_vitro,12,0.9952733187461614,0.27272727272727276,0.7902097902097903,0.9448746086254612,0.0,0.3309131860733032,0.11351839208712602,0.0,0.3309131860733032,0.11351839208712602,0.6666666666666666,0.0,0.0,ablation_results\20260903_092154\results.json,A115_dual_rank_residual,20260723,0,test
screen:Miller_zwitter_lipids_Miller_ZAL_generic_cell_HeLa_in_vitro,72,1.007623200500195,-0.09760420053211195,0.3181558105903274,0.7334486780032969,0.0,1.6184884905815125,0.5,0.125,0.0,0.0,0.5333333333333333,0.0,0.0,ablation_results\20260903_092154\results.json,A115_dual_rank_residual,20260723,0,test
screen:Sanofi_goods_Sanofi_goods_muscle_Mouse_intramuscular,260,0.9370695369208192,0.7121963099325983,0.6719916743288069,0.8851554206345288,0.3076923076923077,0.11200308799743652,0.02559562508368534,0.34615384615384615,0.11200308799743652,0.02559562508368534,0.4230769230769231,0.0,0.0,ablation_results\20260903_092154\results.json,A115_dual_rank_residual,20260723,0,test
screen:Yan_aza_michael_Yan_aza_michael_generic_cell_IGROV1_in_vitro,119,0.9800100207658785,0.16192540233361094,0.13873065166897366,0.6074340437859123,0.0,2.9927045926451683,0.799999990041676,0.0,2.9927045926451683,0.799999990041676,0.125,0.0,0.0,ablation_results\20260903_092154\results.json,A115_dual_rank_residual,20260723,0,test
screen:Zhou_dendrimer_Zhou_dendrimer_generic_cell_HeLa_in_vitro,1470,1.0204408678213495,0.20235073197124026,0.21816403124873723,0.7962109359805158,0.21621621621621623,0.0,0.0,0.272108843537415,0.0,0.0,0.391156462585034,0.0,0.0,ablation_results\20260903_092154\results.json,A115_dual_rank_residual,20260723,0,test
screen:Akinc_Michael_addition_Akinc_Michael_generic_cell_HeLa_in_vitro,487,1.0287412710323993,,,0.5077882388174177,0.4,0.0,0.0,0.20408163265306123,0.0,0.0,0.3163265306122449,0.0,0.0,method\benchmark_results\matched_baselines_20260902_171216\predictions.csv,Metadata only / Extra Trees,20260723,0,test
screen:Chen_disulfide_Chen_disulfide_generic_cell_IGROV1_in_vitro,100,0.9239458560617678,0.43500687641175934,0.43500687641175934,0.9745164328898753,0.4,0.0,0.0,0.2,0.0,0.0,0.25,0.0,0.0,method\benchmark_results\matched_baselines_20260902_171216\predictions.csv,Metadata only / Extra Trees,20260723,0,test
screen:IR_4CR_ketone_4CR_Ketone_lung_epithelium_HBEC_ALI_in_vitro,28,1.2101630670586876,0.15137133751344908,0.15137133751344908,0.8053482438492997,0.0,1.904399365411665,0.4615384615384615,0.0,1.904399365411665,0.4615384615384615,0.5,0.9521996827058321,0.23076923076923064,method\benchmark_results\matched_baselines_20260902_171216\predictions.csv,Metadata only / Extra Trees,20260723,0,test
screen:LM_3CR_LM_3CR_dendritic_cell_BMDM_in_vitro,12,1.0000075955400916,,,0.7387476120663493,0.0,2.915062179271949,1.0,0.0,2.6835423513951278,0.9205780825112126,0.0,2.5858974600628573,0.8870814071995876,method\benchmark_results\matched_baselines_20260902_171216\predictions.csv,Metadata only / Extra Trees,20260723,0,test
screen:Miller_zwitter_lipids_Miller_ZAL_generic_cell_HeLa_in_vitro,72,0.9930336634886048,0.19205616690668725,0.19205616690668725,0.7131479933190281,0.25,0.0,0.0,0.125,0.0,0.0,0.26666666666666666,0.0,0.0,method\benchmark_results\matched_baselines_20260902_171216\predictions.csv,Metadata only / Extra Trees,20260723,0,test
screen:Sanofi_goods_Sanofi_goods_muscle_Mouse_intramuscular,260,1.0014397465445402,,,0.7729731473955577,0.15384615384615385,0.9571176697216552,0.21872634917284106,0.23076923076923078,0.9571176697216552,0.21872634917284106,0.23076923076923078,0.9571176697216552,0.21872634917284106,method\benchmark_results\matched_baselines_20260902_171216\predictions.csv,Metadata only / Extra Trees,20260723,0,test
screen:Yan_aza_michael_Yan_aza_michael_generic_cell_IGROV1_in_vitro,119,1.0434881834342256,,,0.6593853453459043,0.0,2.9927046511379976,0.8,0.0,2.9927046511379976,0.8,0.0,2.9927046511379976,0.8,method\benchmark_results\matched_baselines_20260902_171216\predictions.csv,Metadata only / Extra Trees,20260723,0,test
screen:Zhou_dendrimer_Zhou_dendrimer_generic_cell_HeLa_in_vitro,1470,1.0067587714293864,0.026022162230244825,0.026022162230244825,0.7252007362548957,0.02702702702702703,1.4167541866805688,0.3333333333333334,0.09523809523809523,0.0,0.0,0.2108843537414966,0.0,0.0,method\benchmark_results\matched_baselines_20260902_171216\predictions.csv,Metadata only / Extra Trees,20260723,0,test
screen:Akinc_Michael_addition_Akinc_Michael_generic_cell_HeLa_in_vitro,487,1.0092659538773594,0.13329851009164184,0.13329851009164184,0.5184608099452984,0.0,4.376217955897417,0.75,0.08163265306122448,0.0,0.0,0.20408163265306123,0.0,0.0,method\benchmark_results\matched_baselines_20260902_171216\predictions.csv,Ionizable Morgan + metadata / Extra Trees,20260723,0,test
screen:Chen_disulfide_Chen_disulfide_generic_cell_IGROV1_in_vitro,100,0.8968906185811153,0.5091383209778865,0.5091383209778865,0.9780897546285799,0.4,0.0,0.0,0.4,0.0,0.0,0.75,0.0,0.0,method\benchmark_results\matched_baselines_20260902_171216\predictions.csv,Ionizable Morgan + metadata / Extra Trees,20260723,0,test
screen:IR_4CR_ketone_4CR_Ketone_lung_epithelium_HBEC_ALI_in_vitro,28,1.0251435321711122,-0.45359482837175596,-0.45359482837175596,0.6691965795428748,0.0,3.173998942352775,0.7692307692307692,0.0,3.173998942352775,0.7692307692307692,0.0,1.904399365411665,0.4615384615384615,method\benchmark_results\matched_baselines_20260902_171216\predictions.csv,Ionizable Morgan + metadata / Extra Trees,20260723,0,test
screen:LM_3CR_LM_3CR_dendritic_cell_BMDM_in_vitro,12,0.8676085009601143,0.9090909090909092,0.9090909090909092,0.9625914551282488,1.0,0.0,0.0,0.5,0.0,0.0,0.6666666666666666,0.0,0.0,method\benchmark_results\matched_baselines_20260902_171216\predictions.csv,Ionizable Morgan + metadata / Extra Trees,20260723,0,test
screen:Miller_zwitter_lipids_Miller_ZAL_generic_cell_HeLa_in_vitro,72,1.1321259423313867,-0.1741524470705802,-0.1741524470705802,0.5603510525760487,0.0,2.4277326460937885,0.7499999999999999,0.0,2.4277326460937885,0.7499999999999999,0.06666666666666667,0.0,0.0,method\benchmark_results\matched_baselines_20260902_171216\predictions.csv,Ionizable Morgan + metadata / Extra Trees,20260723,0,test
screen:Sanofi_goods_Sanofi_goods_muscle_Mouse_intramuscular,260,1.012177371390187,0.4789334476154991,0.4789334476154991,0.7930548846309254,0.07692307692307693,1.252398653787042,0.2862057549637387,0.038461538461538464,1.252398653787042,0.2862057549637387,0.19230769230769232,0.11200313091058334,0.02559563645619884,method\benchmark_results\matched_baselines_20260902_171216\predictions.csv,Ionizable Morgan + metadata / Extra Trees,20260723,0,test
screen:Yan_aza_michael_Yan_aza_michael_generic_cell_IGROV1_in_vitro,119,1.145912855739047,0.24087250797130438,0.24087250797130438,0.6923082106777698,0.0,0.7481761627844996,0.20000000000000007,0.25,0.0,0.0,0.20833333333333334,0.0,0.0,method\benchmark_results\matched_baselines_20260902_171216\predictions.csv,Ionizable Morgan + metadata / Extra Trees,20260723,0,test
screen:Zhou_dendrimer_Zhou_dendrimer_generic_cell_HeLa_in_vitro,1470,0.9559690588834333,0.1969479268482476,0.1969479268482476,0.8460522787855941,0.24324324324324326,0.0,0.0,0.38095238095238093,0.0,0.0,0.3843537414965986,0.0,0.0,method\benchmark_results\matched_baselines_20260902_171216\predictions.csv,Ionizable Morgan + metadata / Extra Trees,20260723,0,test
screen:Akinc_Michael_addition_Akinc_Michael_generic_cell_HeLa_in_vitro,487,1.0194918856542412,0.14390266247820738,0.13329851009164184,0.5184608034676195,0.0,4.376218318939209,0.7500000204301895,0.08163265306122448,0.0,0.0,0.20408163265306123,0.0,0.0,method\benchmark_results\dual_head_hybrid_postfix_20260903_093428,validation_selected_neural_tree_hybrid,20260723,0,test
screen:Chen_disulfide_Chen_disulfide_generic_cell_IGROV1_in_vitro,100,0.9160623880287119,0.44221012976410173,0.5091383209778865,0.9780897535146176,0.4,0.0,0.0,0.4,0.0,0.0,0.75,0.0,0.0,method\benchmark_results\dual_head_hybrid_postfix_20260903_093428,validation_selected_neural_tree_hybrid,20260723,0,test
screen:IR_4CR_ketone_4CR_Ketone_lung_epithelium_HBEC_ALI_in_vitro,28,1.1720390609451932,0.18927375441789818,-0.45359482837175596,0.6691965879872455,0.0,3.173999071121216,0.7692307514518001,0.0,3.173999071121216,0.7692307514518001,0.0,1.9043995141983032,0.461538468205575,method\benchmark_results\dual_head_hybrid_postfix_20260903_093428,validation_selected_neural_tree_hybrid,20260723,0,test
screen:LM_3CR_LM_3CR_dendritic_cell_BMDM_in_vitro,12,0.9994546432502215,0.27272727272727276,0.9090909090909092,0.9625914594422482,1.0,0.0,0.0,0.5,0.0,0.0,0.6666666666666666,0.0,0.0,method\benchmark_results\dual_head_hybrid_postfix_20260903_093428,validation_selected_neural_tree_hybrid,20260723,0,test
screen:Miller_zwitter_lipids_Miller_ZAL_generic_cell_HeLa_in_vitro,72,0.9912679846711168,0.17799023178863352,-0.1741524470705802,0.560351050686401,0.0,2.4277327563613653,0.7500000063297011,0.0,2.4277327563613653,0.7500000063297011,0.06666666666666667,0.0,0.0,method\benchmark_results\dual_head_hybrid_postfix_20260903_093428,validation_selected_neural_tree_hybrid,20260723,0,test
screen:Sanofi_goods_Sanofi_goods_muscle_Mouse_intramuscular,260,0.9946390510509087,0.7121963099325983,0.4789334476154991,0.7930549022400574,0.07692307692307693,1.2523987293243408,0.2862057547181505,0.038461538461538464,1.2523987293243408,0.2862057547181505,0.19230769230769232,0.11200308799743652,0.02559562508368534,method\benchmark_results\dual_head_hybrid_postfix_20260903_093428,validation_selected_neural_tree_hybrid,20260723,0,test
screen:Yan_aza_michael_Yan_aza_michael_generic_cell_IGROV1_in_vitro,119,1.034259959550581,0.16192540233361094,0.24087250797130438,0.6923082170709127,0.0,0.748176097869873,0.19999998406668157,0.25,0.0,0.0,0.20833333333333334,0.0,0.0,method\benchmark_results\dual_head_hybrid_postfix_20260903_093428,validation_selected_neural_tree_hybrid,20260723,0,test
screen:Zhou_dendrimer_Zhou_dendrimer_generic_cell_HeLa_in_vitro,1470,1.0024361617735817,0.16170767245659534,0.1969479268482476,0.8460522767223151,0.24324324324324326,0.0,0.0,0.38095238095238093,0.0,0.0,0.3843537414965986,0.0,0.0,method\benchmark_results\dual_head_hybrid_postfix_20260903_093428,validation_selected_neural_tree_hybrid,20260723,0,test
screen:A549_form_screen_IR_Reductive_amination_lung_epithelium_A549_in_vitro,436,1.0102473806442565,0.36227125724456244,0.044506141193946754,0.9415993272833232,0.09090909090909091,0.3487381935119629,0.07338132196086741,0.13636363636363635,0.3487381935119629,0.07338132196086741,0.14772727272727273,0.3487381935119629,0.07338132196086741,ablation_results\20260903_092511\results.json,A115_dual_rank_residual,20260724,1,val
screen:He_4CR_aldehyde_He_4CR_aldehyde_liver_Mouse_intravenous,161,0.9995094724212374,0.028046521290565837,0.2243480978197157,0.8581934314903842,0.0,1.5200491547584534,0.42577487201306213,0.0,1.5200491547584534,0.42577487201306213,0.09090909090909091,0.0,0.0,ablation_results\20260903_092511\results.json,A115_dual_rank_residual,20260724,1,val
screen:Lee_unsat_dendrimer_Lee_unsat_dendrimer_generic_cell_IGROV1_in_vitro,84,0.995031318370257,0.5372286422522679,0.5822818292354027,0.923198974932794,0.4,0.0,0.0,0.2222222222222222,0.0,0.0,0.5882352941176471,0.0,0.0,ablation_results\20260903_092511\results.json,A115_dual_rank_residual,20260724,1,val
screen:Li_Thiolyne_Li_Thiolyne_generic_cell_HEK293T_in_vitro,112,0.9908934824485195,0.4015137208334746,0.2153609213788507,0.5939250398994286,0.0,1.918216347694397,0.43759398224293866,0.25,1.918216347694397,0.43759398224293866,0.2608695652173913,1.918216347694397,0.43759398224293866,ablation_results\20260903_092511\results.json,A115_dual_rank_residual,20260724,1,val
screen:Liu_Phospholipids_Liu_iPhos_generic_cell_IGROV1_in_vitro,572,1.0099180804693861,0.043096795826815464,0.10139461494825242,0.881232355924523,0.20689655172413793,0.0,0.0,0.5344827586206896,0.0,0.0,0.48695652173913045,0.0,0.0,ablation_results\20260903_092511\results.json,A115_dual_rank_residual,20260724,1,val
screen:Raj_Jacob_ML_branched_ester_RM_Michael_addition_branched_lung_Mouse_intravenous,22,1.010343392007691,0.11462450592885377,0.21287408243929987,0.8435794475932369,0.0,1.757449984550476,0.3822332177732277,0.6666666666666666,1.7526875734329224,0.38119742629021314,0.6,1.7526875734329224,0.38119742629021314,ablation_results\20260903_092511\results.json,A115_dual_rank_residual,20260724,1,val
screen:Whitehead_siRNA_whitehead_lipidoid_generic_cell_nan_in_vitro,1150,0.9861624872854273,0.385982093630906,0.28489943807559615,0.9052434767658356,0.3275862068965517,0.0,0.0,0.2956521739130435,0.0,0.0,0.4,0.0,0.0,ablation_results\20260903_092511\results.json,A115_dual_rank_residual,20260724,1,val
screen:A549_form_screen_IR_Reductive_amination_lung_epithelium_A549_in_vitro,436,0.8909082074692464,0.46544616369067693,0.46544616369067693,0.9585229506966557,0.13636363636363635,0.35112314108600184,0.0738831615120276,0.20454545454545456,0.29396355997897805,0.06185567010309283,0.3977272727272727,0.0,0.0,method\benchmark_results\matched_baselines_20260902_171216\predictions.csv,Metadata only / Extra Trees,20260724,1,val
screen:He_4CR_aldehyde_He_4CR_aldehyde_liver_Mouse_intravenous,161,1.0048280901252233,,,0.8563431335797982,0.0,0.35526056063688616,0.09951060358890693,0.058823529411764705,0.35526056063688616,0.09951060358890693,0.030303030303030304,0.35526056063688616,0.09951060358890693,method\benchmark_results\matched_baselines_20260902_171216\predictions.csv,Metadata only / Extra Trees,20260724,1,val
screen:Lee_unsat_dendrimer_Lee_unsat_dendrimer_generic_cell_IGROV1_in_vitro,84,0.81710334370863,0.5275835334764493,0.5275835334764493,0.8180858713898017,0.0,0.8858781724746472,0.25,0.0,0.8858781724746472,0.25,0.35294117647058826,0.0,0.0,method\benchmark_results\matched_baselines_20260902_171216\predictions.csv,Metadata only / Extra Trees,20260724,1,val
screen:Li_Thiolyne_Li_Thiolyne_generic_cell_HEK293T_in_vitro,112,1.0083797017805616,-0.3200028529168511,-0.3200028529168511,0.4860510960499868,0.0,3.065191202292805,0.699248119222272,0.0,3.065191202292805,0.699248119222272,0.08695652173913043,2.6696826603058468,0.6090225555074036,method\benchmark_results\matched_baselines_20260902_171216\predictions.csv,Metadata only / Extra Trees,20260724,1,val
screen:Liu_Phospholipids_Liu_iPhos_generic_cell_IGROV1_in_vitro,572,1.029795030036151,-0.32390123710115065,-0.32390123710115065,0.7802521327663718,0.0,1.3706664910221285,0.33333333333333337,0.034482758620689655,0.0,0.0,0.1391304347826087,0.0,0.0,method\benchmark_results\matched_baselines_20260902_171216\predictions.csv,Metadata only / Extra Trees,20260724,1,val
screen:Raj_Jacob_ML_branched_ester_RM_Michael_addition_branched_lung_Mouse_intravenous,22,1.0956821064064037,-0.27401134316629405,-0.27401134316629405,0.6701192682830397,0.0,3.189282570860548,0.6936468325004201,0.0,3.189282570860548,0.6936468325004201,0.2,1.7526879419272963,0.3811974675393879,method\benchmark_results\matched_baselines_20260902_171216\predictions.csv,Metadata only / Extra Trees,20260724,1,val
screen:Whitehead_siRNA_whitehead_lipidoid_generic_cell_nan_in_vitro,1150,1.0035168747209566,,,0.8173056496063107,0.10344827586206896,0.2579977418244441,0.04431698467827843,0.1565217391304348,0.2579977418244441,0.04431698467827843,0.19130434782608696,0.2579977418244441,0.04431698467827843,method\benchmark_results\matched_baselines_20260902_171216\predictions.csv,Metadata only / Extra Trees,20260724,1,val
screen:A549_form_screen_IR_Reductive_amination_lung_epithelium_A549_in_vitro,436,1.035935651729957,-0.10817864459667519,-0.10817864459667519,0.8983495348827878,0.0,1.0043754965948415,0.21134020618556712,0.022727272727272728,0.45727664885618813,0.09621993127147774,0.17045454545454544,0.34295748664214076,0.07216494845360823,method\benchmark_results\matched_baselines_20260902_171216\predictions.csv,Ionizable Morgan + metadata / Extra Trees,20260724,1,val
screen:He_4CR_aldehyde_He_4CR_aldehyde_liver_Mouse_intravenous,161,1.0589171449069967,0.2291355032953298,0.2291355032953298,0.8576002387371482,0.0,1.5200492840365143,0.4257748776508973,0.0,1.5200492840365143,0.4257748776508973,0.030303030303030304,0.2504295755309198,0.07014681892332786,method\benchmark_results\matched_baselines_20260902_171216\predictions.csv,Ionizable Morgan + metadata / Extra Trees,20260724,1,val
screen:Lee_unsat_dendrimer_Lee_unsat_dendrimer_generic_cell_IGROV1_in_vitro,84,0.7848932986263465,0.7488772830704151,0.7488772830704151,0.9441892644284072,0.2,0.0,0.0,0.5555555555555556,0.0,0.0,0.7058823529411765,0.0,0.0,method\benchmark_results\matched_baselines_20260902_171216\predictions.csv,Ionizable Morgan + metadata / Extra Trees,20260724,1,val
screen:Li_Thiolyne_Li_Thiolyne_generic_cell_HEK293T_in_vitro,112,1.0046068654848694,0.07898025436063989,0.07898025436063989,0.5791128831282456,0.16666666666666666,1.146974760398915,0.2616541321808687,0.16666666666666666,1.146974760398915,0.2616541321808687,0.17391304347826086,0.7712416436174272,0.17593984621970205,method\benchmark_results\matched_baselines_20260902_171216\predictions.csv,Ionizable Morgan + metadata / Extra Trees,20260724,1,val
screen:Liu_Phospholipids_Liu_iPhos_generic_cell_IGROV1_in_vitro,572,1.027333545306714,-0.14621614578224867,-0.14621614578224867,0.7928377999635514,0.06896551724137931,0.0,0.0,0.10344827586206896,0.0,0.0,0.10434782608695652,0.0,0.0,method\benchmark_results\matched_baselines_20260902_171216\predictions.csv,Ionizable Morgan + metadata / Extra Trees,20260724,1,val
screen:Raj_Jacob_ML_branched_ester_RM_Michael_addition_branched_lung_Mouse_intravenous,22,1.1537938534754093,0.24562394127611523,0.24562394127611523,0.8491055977206872,0.5,1.7526879419272963,0.3811974675393879,0.3333333333333333,1.7526879419272963,0.3811974675393879,0.6,1.7526879419272963,0.3811974675393879,method\benchmark_results\matched_baselines_20260902_171216\predictions.csv,Ionizable Morgan + metadata / Extra Trees,20260724,1,val
screen:Whitehead_siRNA_whitehead_lipidoid_generic_cell_nan_in_vitro,1150,0.939169400668195,0.28579624473115206,0.28579624473115206,0.9295000086760766,0.5517241379310345,0.0,0.0,0.5130434782608696,0.0,0.0,0.508695652173913,0.0,0.0,method\benchmark_results\matched_baselines_20260902_171216\predictions.csv,Ionizable Morgan + metadata / Extra Trees,20260724,1,val
screen:A549_form_screen_IR_Reductive_amination_lung_epithelium_A549_in_vitro,436,0.9065831990510275,0.47153880982593943,-0.04145910917963728,0.9390595960757355,0.09090909090909091,0.3487381935119629,0.07338132196086741,0.13636363636363635,0.3487381935119629,0.07338132196086741,0.14772727272727273,0.3429574966430664,0.07216495052238854,method\benchmark_results\dual_head_hybrid_postfix_20260903_093428,validation_selected_neural_tree_hybrid,20260724,1,val
screen:He_4CR_aldehyde_He_4CR_aldehyde_liver_Mouse_intravenous,161,1.0036697056815262,0.028046521290565837,0.23311541193636193,0.8570847147867952,0.0,1.5200491547584534,0.42577487201306213,0.0,1.5200491547584534,0.42577487201306213,0.09090909090909091,0.0,0.0,method\benchmark_results\dual_head_hybrid_postfix_20260903_093428,validation_selected_neural_tree_hybrid,20260724,1,val
screen:Lee_unsat_dendrimer_Lee_unsat_dendrimer_generic_cell_IGROV1_in_vitro,84,0.8295543082195467,0.5349063130263331,0.6878633606799469,0.9402099090701939,0.4,0.0,0.0,0.2222222222222222,0.0,0.0,0.6470588235294118,0.0,0.0,method\benchmark_results\dual_head_hybrid_postfix_20260903_093428,validation_selected_neural_tree_hybrid,20260724,1,val
screen:Li_Thiolyne_Li_Thiolyne_generic_cell_HEK293T_in_vitro,112,1.002653382477584,-0.19304413970190235,0.17554390138002185,0.5895387835673395,0.0,1.918216347694397,0.43759398224293866,0.08333333333333333,1.918216347694397,0.43759398224293866,0.21739130434782608,1.918216347694397,0.43759398224293866,method\benchmark_results\dual_head_hybrid_postfix_20260903_093428,validation_selected_neural_tree_hybrid,20260724,1,val
screen:Liu_Phospholipids_Liu_iPhos_generic_cell_IGROV1_in_vitro,572,1.0223419340788025,-0.28765850208060695,0.08019430998453667,0.8495768908831764,0.034482758620689655,0.0,0.0,0.29310344827586204,0.0,0.0,0.4608695652173913,0.0,0.0,method\benchmark_results\dual_head_hybrid_postfix_20260903_093428,validation_selected_neural_tree_hybrid,20260724,1,val
screen:Raj_Jacob_ML_branched_ester_RM_Michael_addition_branched_lung_Mouse_intravenous,22,1.0688913898514882,-0.2896668548842462,0.24562394127611523,0.8500152852031228,0.0,1.757449984550476,0.3822332177732277,0.6666666666666666,1.7526875734329224,0.38119742629021314,0.6,1.7526875734329224,0.38119742629021314,method\benchmark_results\dual_head_hybrid_postfix_20260903_093428,validation_selected_neural_tree_hybrid,20260724,1,val
screen:Whitehead_siRNA_whitehead_lipidoid_generic_cell_nan_in_vitro,1150,0.9998973268952783,0.385982093630906,0.31508865737677433,0.9255848411199413,0.5344827586206896,0.0,0.0,0.5043478260869565,0.0,0.0,0.4826086956521739,0.0,0.0,method\benchmark_results\dual_head_hybrid_postfix_20260903_093428,validation_selected_neural_tree_hybrid,20260724,1,val
screen:A549_form_screen_RM_Michael_addition_branched_lung_epithelium_A549_in_vitro,1156,1.0020981294776408,0.24029521170519333,0.3313628984793803,0.9467154304133703,0.15517241379310345,0.10793828964233398,0.02079718898055756,0.1810344827586207,0.10793828964233398,0.02079718898055756,0.30603448275862066,0.08095359802246094,0.015597868766570587,ablation_results\20260903_092511\results.json,A115_dual_rank_residual,20260724,1,test
screen:IR_4CR_ketone_4CR_Ketone_muscle_Mouse_intramuscular,71,1.0073067836732854,0.06559521116790941,0.3560619399669111,0.903548224716444,0.0,1.1892624497413635,0.30497548474065844,0.125,0.37646234035491943,0.09654032611667268,0.13333333333333333,0.34552931785583496,0.08860783524116946,ablation_results\20260903_092511\results.json,A115_dual_rank_residual,20260724,1,test
screen:IR_BL_AG_3CR_sting_IR_3CR_sting_generic_cell_HeLa_in_vitro,480,1.0165934189875008,-0.18417800790546315,0.053627018128014854,0.8674477987648916,0.0,1.9731464385986328,0.33871304467689584,0.125,0.13884711265563965,0.023834687254935226,0.3020833333333333,0.0,0.0,ablation_results\20260903_092511\results.json,A115_dual_rank_residual,20260724,1,test
screen:IR_BL_AG_4CR_IR_4CR_aldehyde_generic_cell_HeLa_in_vitro,560,1.0142238255296885,-0.04344438411321886,0.050369532337665696,0.9057238968005841,0.10714285714285714,0.9930374622344971,0.13712368239764738,0.14285714285714285,0.9930374622344971,0.13712368239764738,0.22321428571428573,0.9930374622344971,0.13712368239764738,ablation_results\20260903_092511\results.json,A115_dual_rank_residual,20260724,1,test
screen:Li_enzyme_catalyzed_Li_enzyme_catalyzed_generic_cell_HEK293T_in_vitro,144,0.9817036167534301,0.5457884132438577,0.6631092054655363,0.5259873180438751,0.125,5.6396156549453735,0.738562088977861,0.3333333333333333,4.017602205276489,0.5261437762711875,0.5172413793103449,0.0,0.0,ablation_results\20260903_092511\results.json,A115_dual_rank_residual,20260724,1,test
screen:Raj_Jacob_ML_branched_ester_RM_Michael_addition_branched_spleen_Mouse_intravenous,97,1.0132262855581229,-0.09256209216037507,0.4767333681824367,0.9007178186919436,0.2,1.141494870185852,0.22313514763539805,0.2,1.141494870185852,0.22313514763539805,0.35,1.141494870185852,0.22313514763539805,ablation_results\20260903_092511\results.json,A115_dual_rank_residual,20260724,1,test
screen:Zhou_dendrimer_Zhou_dendrimer_liver_Mouse_intravenous,24,1.0110010714201303,0.1726603434576062,0.1597339006319031,0.8029199651319655,0.0,0.0,0.0,0.3333333333333333,0.0,0.0,0.2,0.0,0.0,ablation_results\20260903_092511\results.json,A115_dual_rank_residual,20260724,1,test
screen:A549_form_screen_RM_Michael_addition_branched_lung_epithelium_A549_in_vitro,1156,0.8905739528560815,0.48843565488632795,0.48843565488632795,0.9687986950300048,0.3103448275862069,0.0,0.0,0.31896551724137934,0.0,0.0,0.4698275862068966,0.0,0.0,method\benchmark_results\matched_baselines_20260902_171216\predictions.csv,Metadata only / Extra Trees,20260724,1,test
screen:IR_4CR_ketone_4CR_Ketone_muscle_Mouse_intramuscular,71,1.0049572310346375,-0.18176159530020133,-0.18176159530020133,0.8814694227639213,0.25,0.23421382682477843,0.0600619979689148,0.25,0.23421382682477843,0.0600619979689148,0.13333333333333333,0.23421382682477843,0.0600619979689148,method\benchmark_results\matched_baselines_20260902_171216\predictions.csv,Metadata only / Extra Trees,20260724,1,test
screen:IR_BL_AG_3CR_sting_IR_3CR_sting_generic_cell_HeLa_in_vitro,480,1.0000562314977908,,,0.8634197777464072,0.16666666666666666,0.0,0.0,0.16666666666666666,0.0,0.0,0.3020833333333333,0.0,0.0,method\benchmark_results\matched_baselines_20260902_171216\predictions.csv,Metadata only / Extra Trees,20260724,1,test
screen:IR_BL_AG_4CR_IR_4CR_aldehyde_generic_cell_HeLa_in_vitro,560,1.0000562314977908,,,0.8980610599961973,0.10714285714285714,2.7976252777891615,0.3863103620103548,0.26785714285714285,2.7976252777891615,0.3863103620103548,0.13392857142857142,2.7976252777891615,0.3863103620103548,method\benchmark_results\matched_baselines_20260902_171216\predictions.csv,Metadata only / Extra Trees,20260724,1,test
screen:Li_enzyme_catalyzed_Li_enzyme_catalyzed_generic_cell_HEK293T_in_vitro,144,1.0002014289091545,,,0.4536589516949834,0.0,6.288421372246603,0.8235294117634588,0.13333333333333333,6.288421372246603,0.8235294117634588,0.20689655172413793,6.288421372246603,0.8235294117634588,method\benchmark_results\matched_baselines_20260902_171216\predictions.csv,Metadata only / Extra Trees,20260724,1,test
screen:Raj_Jacob_ML_branched_ester_RM_Michael_addition_branched_spleen_Mouse_intravenous,97,0.9451138779800714,0.35630793732737953,0.35630793732737953,0.9023367941159967,0.2,0.9598322450829211,0.187624407234874,0.1,0.9598322450829211,0.187624407234874,0.3,0.0,0.0,method\benchmark_results\matched_baselines_20260902_171216\predictions.csv,Metadata only / Extra Trees,20260724,1,test
screen:Zhou_dendrimer_Zhou_dendrimer_liver_Mouse_intravenous,24,1.013844332785807,,,0.7483990932562883,1.0,0.0,0.0,1.0,0.0,0.0,0.6,0.0,0.0,method\benchmark_results\matched_baselines_20260902_171216\predictions.csv,Metadata only / Extra Trees,20260724,1,test
screen:A549_form_screen_RM_Michael_addition_branched_lung_epithelium_A549_in_vitro,1156,0.9593286411950874,0.2859642832799048,0.2859642832799048,0.9548855087551099,0.08620689655172414,0.125928242567396,0.024263431542460964,0.1724137931034483,0.125928242567396,0.024263431542460964,0.27586206896551724,0.09894361916009675,0.01906412478336217,method\benchmark_results\matched_baselines_20260902_171216\predictions.csv,Ionizable Morgan + metadata / Extra Trees,20260724,1,test
screen:IR_4CR_ketone_4CR_Ketone_muscle_Mouse_intramuscular,71,0.9650917124719599,0.38119671029939994,0.38119671029939994,0.9288817597216562,0.0,0.87745919390263,0.22501640076703547,0.0,0.5238868967349538,0.1343460125912045,0.3333333333333333,0.3764622752082396,0.09654031410300246,method\benchmark_results\matched_baselines_20260902_171216\predictions.csv,Ionizable Morgan + metadata / Extra Trees,20260724,1,test
screen:IR_BL_AG_3CR_sting_IR_3CR_sting_generic_cell_HeLa_in_vitro,480,1.3169658435751803,0.314558391179313,0.314558391179313,0.8794382191323324,0.0,1.9197236819315926,0.3295424040265249,0.2916666666666667,0.4152175673795435,0.07127681792757934,0.4270833333333333,0.0,0.0,method\benchmark_results\matched_baselines_20260902_171216\predictions.csv,Ionizable Morgan + metadata / Extra Trees,20260724,1,test
screen:IR_BL_AG_4CR_IR_4CR_aldehyde_generic_cell_HeLa_in_vitro,560,1.020997923639029,-0.062065482765701764,-0.062065482765701764,0.9180950594351388,0.14285714285714285,0.9930376393753688,0.1371237002334227,0.16071428571428573,0.9930376393753688,0.1371237002334227,0.19642857142857142,0.9930376393753688,0.1371237002334227,method\benchmark_results\matched_baselines_20260902_171216\predictions.csv,Ionizable Morgan + metadata / Extra Trees,20260724,1,test
screen:Li_enzyme_catalyzed_Li_enzyme_catalyzed_generic_cell_HEK293T_in_vitro,144,1.0127405737735866,0.1702114178205835,0.1702114178205835,0.500533739555804,0.0,6.288421372246603,0.8235294117634588,0.13333333333333333,6.288421372246603,0.8235294117634588,0.2413793103448276,6.288421372246603,0.8235294117634588,method\benchmark_results\matched_baselines_20260902_171216\predictions.csv,Ionizable Morgan + metadata / Extra Trees,20260724,1,test
screen:Raj_Jacob_ML_branched_ester_RM_Michael_addition_branched_spleen_Mouse_intravenous,97,0.7923005740197158,0.6156263663323764,0.6156263663323764,0.9121279702246929,0.2,1.1414950572325295,0.223135172392848,0.2,1.1414950572325295,0.223135172392848,0.4,0.0,0.0,method\benchmark_results\matched_baselines_20260902_171216\predictions.csv,Ionizable Morgan + metadata / Extra Trees,20260724,1,test
screen:Zhou_dendrimer_Zhou_dendrimer_liver_Mouse_intravenous,24,1.412180181757603,0.4173394398012728,0.4173394398012728,0.807302703743286,0.5,0.0,0.0,0.3333333333333333,0.0,0.0,0.2,0.0,0.0,method\benchmark_results\matched_baselines_20260902_171216\predictions.csv,Ionizable Morgan + metadata / Extra Trees,20260724,1,test
screen:A549_form_screen_RM_Michael_addition_branched_lung_epithelium_A549_in_vitro,1156,0.9060475409964394,0.4906712972783514,0.3390081779156224,0.9461615602267799,0.15517241379310345,0.10793828964233398,0.02079718898055756,0.1724137931034483,0.10793828964233398,0.02079718898055756,0.30603448275862066,0.10793828964233398,0.02079718898055756,method\benchmark_results\dual_head_hybrid_postfix_20260903_093428,validation_selected_neural_tree_hybrid,20260724,1,test
screen:IR_4CR_ketone_4CR_Ketone_muscle_Mouse_intramuscular,71,1.004048482265264,-0.12035849329326528,0.37303084428744393,0.9140643558321012,0.0,0.8774592876434326,0.22501641386848306,0.125,0.37646234035491943,0.09654032611667268,0.13333333333333333,0.34552931785583496,0.08860783524116946,method\benchmark_results\dual_head_hybrid_postfix_20260903_093428,validation_selected_neural_tree_hybrid,20260724,1,test
screen:IR_BL_AG_3CR_sting_IR_3CR_sting_generic_cell_HeLa_in_vitro,480,1.0009178340126497,-0.18417800790546315,0.15830766641232744,0.8722378721697214,0.0,1.8054413795471191,0.30992456245993477,0.125,0.13884711265563965,0.023834687254935226,0.3125,0.0,0.0,method\benchmark_results\dual_head_hybrid_postfix_20260903_093428,validation_selected_neural_tree_hybrid,20260724,1,test
screen:IR_BL_AG_4CR_IR_4CR_aldehyde_generic_cell_HeLa_in_vitro,560,1.0003316420605322,-0.04344438411321886,0.014939011063127255,0.9212997016260035,0.10714285714285714,0.9930374622344971,0.13712368239764738,0.19642857142857142,0.9930374622344971,0.13712368239764738,0.22321428571428573,0.9930374622344971,0.13712368239764738,method\benchmark_results\dual_head_hybrid_postfix_20260903_093428,validation_selected_neural_tree_hybrid,20260724,1,test
screen:Li_enzyme_catalyzed_Li_enzyme_catalyzed_generic_cell_HEK293T_in_vitro,144,0.9961260670588895,0.5457884132438577,0.5729095223684648,0.5148149813138982,0.0,6.2884209752082825,0.823529406254727,0.26666666666666666,5.6396156549453735,0.738562088977861,0.41379310344827586,0.0,0.0,method\benchmark_results\dual_head_hybrid_postfix_20260903_093428,validation_selected_neural_tree_hybrid,20260724,1,test
screen:Raj_Jacob_ML_branched_ester_RM_Michael_addition_branched_spleen_Mouse_intravenous,97,0.953707364619098,0.35937340767877407,0.5316067865284436,0.9086135871303087,0.2,1.141494870185852,0.22313514763539805,0.2,1.141494870185852,0.22313514763539805,0.35,0.9598321914672852,0.1876244066812056,method\benchmark_results\dual_head_hybrid_postfix_20260903_093428,validation_selected_neural_tree_hybrid,20260724,1,test
screen:Zhou_dendrimer_Zhou_dendrimer_liver_Mouse_intravenous,24,1.0132612858358951,0.1726603434576062,0.24652573103305273,0.8825055409824845,0.0,0.0,0.0,0.3333333333333333,0.0,0.0,0.4,0.0,0.0,method\benchmark_results\dual_head_hybrid_postfix_20260903_093428,validation_selected_neural_tree_hybrid,20260724,1,test
screen:AGILE_3CR_Agile_3CR_macrophage_RAW264p7_in_vitro,1100,1.0200182722390185,-0.06420247068279329,0.042001723980087176,0.897623849382337,0.01818181818181818,3.007520079612732,0.415094356696639,0.10909090909090909,1.9685585498809814,0.2716981178020047,0.21818181818181817,0.9295973777770996,0.1283019282667449,ablation_results\20260903_092831\results.json,A115_dual_rank_residual,20260725,2,val
screen:Chen_disulfide_Chen_disulfide_liver_Mouse_intravenous,31,0.9942840644830204,0.4614770002690204,0.6103210042945206,0.9570187236178757,0.0,0.8703378140926361,0.22409141571625804,0.25,0.0,0.0,0.2857142857142857,0.0,0.0,ablation_results\20260903_092831\results.json,A115_dual_rank_residual,20260725,2,val
screen:He_4CR_aldehyde_He_4CR_aldehyde_spleen_Mouse_intravenous,160,0.9975094420593666,-0.23432960068006972,-0.2418644536859331,0.8163276460229337,0.0,0.73329758644104,0.2459892924096717,0.0625,0.09564745426177979,0.03208554075410612,0.25,0.09564745426177979,0.03208554075410612,ablation_results\20260903_092831\results.json,A115_dual_rank_residual,20260725,2,val
screen:IR_BL_AG_4CR_IR_4CR_aldehyde_muscle_Mouse_intramuscular,51,1.0084751483068897,0.11799093050664029,-0.028730652109181912,0.6898702517804994,0.0,1.6384763717651367,0.5238739455370722,0.16666666666666666,0.5672236680984497,0.18135977187673494,0.09090909090909091,0.5672236680984497,0.18135977187673494,ablation_results\20260903_092831\results.json,A115_dual_rank_residual,20260725,2,val
screen:LM_3CR_LM_3CR_generic_cell_HeLa_in_vitro,1080,0.9826826397885154,0.3242886699369394,0.19021716548905965,0.9251952782645773,0.12962962962962962,0.0,0.0,0.19444444444444445,0.0,0.0,0.3287037037037037,0.0,0.0,ablation_results\20260903_092831\results.json,A115_dual_rank_residual,20260725,2,val
screen:RM_BL_AG_carbonate_RM_carbonate_muscle_nan_intramuscular,4,1.0119535239800344,-0.39999999999999997,0.7999999999999999,0.9931119473588143,1.0,0.0,0.0,1.0,0.0,0.0,1.0,0.0,0.0,ablation_results\20260903_092831\results.json,A115_dual_rank_residual,20260725,2,val
screen:Raj_Jacob_ML_branched_ester_RM_Michael_addition_branched_liver_Mouse_intravenous,97,1.0066862333626392,-0.024839656663217614,0.6786371765200925,0.9534741811892593,0.2,0.16620659828186035,0.04657948282696404,0.4,0.0,0.0,0.5,0.0,0.0,ablation_results\20260903_092831\results.json,A115_dual_rank_residual,20260725,2,val
screen:Raj_Jacob_ML_branched_ester_RM_Michael_addition_branched_muscle_Mouse_intramuscular,18,1.0017324709390227,-0.07739938080495357,0.19711042311661509,0.908439752189527,0.0,1.3055254817008972,0.30164913849839314,0.0,1.0219670534133911,0.23613133987569176,0.0,1.0012906789779663,0.23135394516135022,ablation_results\20260903_092831\results.json,A115_dual_rank_residual,20260725,2,val
screen:AGILE_3CR_Agile_3CR_macrophage_RAW264p7_in_vitro,1100,1.01444950284302,,,0.8998221875048167,0.07272727272727272,1.5857833552675977,0.2188679245661802,0.1,1.0116204162078035,0.13962264152206003,0.20909090909090908,0.0,0.0,method\benchmark_results\matched_baselines_20260902_171216\predictions.csv,Metadata only / Extra Trees,20260725,2,val
screen:Chen_disulfide_Chen_disulfide_liver_Mouse_intravenous,31,1.0143486566480675,-0.07953515164583669,-0.07953515164583669,0.8990231147218022,0.0,1.194203731263741,0.30747922437673125,0.0,0.5949806198336335,0.15319344155124653,0.0,0.5949806198336335,0.15319344155124653,method\benchmark_results\matched_baselines_20260902_171216\predictions.csv,Metadata only / Extra Trees,20260725,2,val
screen:He_4CR_aldehyde_He_4CR_aldehyde_spleen_Mouse_intravenous,160,0.9958135353913261,,,0.7976438550077863,0.125,0.09564752457455028,0.03208556149732609,0.125,0.09564752457455028,0.03208556149732609,0.15625,0.09564752457455028,0.03208556149732609,method\benchmark_results\matched_baselines_20260902_171216\predictions.csv,Metadata only / Extra Trees,20260725,2,val
screen:IR_BL_AG_4CR_IR_4CR_aldehyde_muscle_Mouse_intramuscular,51,1.0042130831659823,,,0.712647542152299,0.0,3.127615825256072,1.0,0.0,3.127615825256072,1.0,0.0,3.127615825256072,1.0,method\benchmark_results\matched_baselines_20260902_171216\predictions.csv,Metadata only / Extra Trees,20260725,2,val
screen:LM_3CR_LM_3CR_generic_cell_HeLa_in_vitro,1080,1.000059751729201,,,0.8957061559244145,0.16666666666666666,0.0,0.0,0.18518518518518517,0.0,0.0,0.1574074074074074,0.0,0.0,method\benchmark_results\matched_baselines_20260902_171216\predictions.csv,Metadata only / Extra Trees,20260725,2,val
screen:RM_BL_AG_carbonate_RM_carbonate_muscle_nan_intramuscular,4,1.0001729482282493,,,0.7189514222732244,0.0,2.561699290128046,1.0,0.0,2.561699290128046,1.0,0.0,2.561699290128046,1.0,method\benchmark_results\matched_baselines_20260902_171216\predictions.csv,Metadata only / Extra Trees,20260725,2,val
screen:Raj_Jacob_ML_branched_ester_RM_Michael_addition_branched_liver_Mouse_intravenous,97,0.8539947047873553,0.6153901810271929,0.6153901810271929,0.9564386661533825,0.4,0.0,0.0,0.4,0.0,0.0,0.55,0.0,0.0,method\benchmark_results\matched_baselines_20260902_171216\predictions.csv,Metadata only / Extra Trees,20260725,2,val
screen:Raj_Jacob_ML_branched_ester_RM_Michael_addition_branched_muscle_Mouse_intramuscular,18,1.0269086633327849,0.060918954943252335,0.060918954943252335,0.9129016984772037,0.0,1.0012907437362344,0.23135394277224564,0.0,1.0012907437362344,0.23135394277224564,0.0,1.0012907437362344,0.23135394277224564,method\benchmark_results\matched_baselines_20260902_171216\predictions.csv,Metadata only / Extra Trees,20260725,2,val
screen:AGILE_3CR_Agile_3CR_macrophage_RAW264p7_in_vitro,1100,1.071225364249732,0.2938320918254554,0.2938320918254554,0.9323723565066103,0.2727272727272727,0.9295971392762215,0.12830188681209337,0.3181818181818182,0.9295971392762215,0.12830188681209337,0.38636363636363635,0.9295971392762215,0.12830188681209337,method\benchmark_results\matched_baselines_20260902_171216\predictions.csv,Ionizable Morgan + metadata / Extra Trees,20260725,2,val
screen:Chen_disulfide_Chen_disulfide_liver_Mouse_intravenous,31,1.0110399169117235,0.5355960633319221,0.5355960633319221,0.9505405439611677,0.0,0.8182070705348075,0.2106689745152354,0.0,0.36360381258360275,0.09361938448753454,0.5714285714285714,0.16103191746768186,0.04146191121883659,method\benchmark_results\matched_baselines_20260902_171216\predictions.csv,Ionizable Morgan + metadata / Extra Trees,20260725,2,val
screen:He_4CR_aldehyde_He_4CR_aldehyde_spleen_Mouse_intravenous,160,0.9756648699673053,0.1808025454787689,0.1808025454787689,0.8339965402785541,0.25,0.1753537950533426,0.058823529411764636,0.1875,0.09564752457455028,0.03208556149732609,0.28125,0.0,0.0,method\benchmark_results\matched_baselines_20260902_171216\predictions.csv,Ionizable Morgan + metadata / Extra Trees,20260725,2,val
screen:IR_BL_AG_4CR_IR_4CR_aldehyde_muscle_Mouse_intramuscular,51,1.0971207675293757,0.21720001076714873,0.21720001076714873,0.7693071067246795,0.6666666666666666,0.0,0.0,0.3333333333333333,0.0,0.0,0.2727272727272727,0.0,0.0,method\benchmark_results\matched_baselines_20260902_171216\predictions.csv,Ionizable Morgan + metadata / Extra Trees,20260725,2,val
screen:LM_3CR_LM_3CR_generic_cell_HeLa_in_vitro,1080,0.9732005409663457,0.13517322167640372,0.13517322167640372,0.9472623881465576,0.35185185185185186,0.0,0.0,0.37037037037037035,0.0,0.0,0.35648148148148145,0.0,0.0,method\benchmark_results\matched_baselines_20260902_171216\predictions.csv,Ionizable Morgan + metadata / Extra Trees,20260725,2,val
screen:RM_BL_AG_carbonate_RM_carbonate_muscle_nan_intramuscular,4,0.767207800403287,0.7999999999999999,0.7999999999999999,0.987120453889974,1.0,0.0,0.0,1.0,0.0,0.0,1.0,0.0,0.0,method\benchmark_results\matched_baselines_20260902_171216\predictions.csv,Ionizable Morgan + metadata / Extra Trees,20260725,2,val
screen:Raj_Jacob_ML_branched_ester_RM_Michael_addition_branched_liver_Mouse_intravenous,97,0.6884306808353114,0.7954055333473595,0.7954055333473595,0.9681885409186358,0.2,0.16620661598528108,0.0465794836297489,0.4,0.0,0.0,0.6,0.0,0.0,method\benchmark_results\matched_baselines_20260902_171216\predictions.csv,Ionizable Morgan + metadata / Extra Trees,20260725,2,val
screen:Raj_Jacob_ML_branched_ester_RM_Michael_addition_branched_muscle_Mouse_intramuscular,18,1.0419855975888144,0.24045407636738902,0.24045407636738902,0.9105897642823266,0.0,1.3055255548808913,0.30164913278293787,0.0,1.021967162689008,0.23613134741426342,0.0,1.0012907437362344,0.23135394277224564,method\benchmark_results\matched_baselines_20260902_171216\predictions.csv,Ionizable Morgan + metadata / Extra Trees,20260725,2,val
screen:AGILE_3CR_Agile_3CR_macrophage_RAW264p7_in_vitro,1100,1.0167740842250526,-0.06420247068279329,0.2938320918254554,0.9323723541601332,0.2727272727272727,0.9295973777770996,0.1283019282667449,0.3181818181818182,0.9295973777770996,0.1283019282667449,0.38636363636363635,0.9295973777770996,0.1283019282667449,method\benchmark_results\dual_head_hybrid_postfix_20260903_093428,validation_selected_neural_tree_hybrid,20260725,2,val
screen:Chen_disulfide_Chen_disulfide_liver_Mouse_intravenous,31,0.9929129053106218,0.018378296290801246,0.5355960633319221,0.9505405428509499,0.0,0.8182070553302765,0.21066897750403474,0.0,0.36360377073287964,0.09361937677986283,0.5714285714285714,0.16103190183639526,0.04146190855285352,method\benchmark_results\dual_head_hybrid_postfix_20260903_093428,validation_selected_neural_tree_hybrid,20260725,2,val
screen:He_4CR_aldehyde_He_4CR_aldehyde_spleen_Mouse_intravenous,160,0.995168413590364,-0.23432960068006972,0.1808025454787689,0.8339965430435311,0.25,0.1753537654876709,0.05882352470711685,0.1875,0.09564745426177979,0.03208554075410612,0.28125,0.0,0.0,method\benchmark_results\dual_head_hybrid_postfix_20260903_093428,validation_selected_neural_tree_hybrid,20260725,2,val
screen:IR_BL_AG_4CR_IR_4CR_aldehyde_muscle_Mouse_intramuscular,51,1.0048161389191228,0.11799093050664029,0.21720001076714873,0.7693071096759827,0.6666666666666666,0.0,0.0,0.3333333333333333,0.0,0.0,0.2727272727272727,0.0,0.0,method\benchmark_results\dual_head_hybrid_postfix_20260903_093428,validation_selected_neural_tree_hybrid,20260725,2,val
screen:LM_3CR_LM_3CR_generic_cell_HeLa_in_vitro,1080,0.9910679722689578,0.3242886699369394,0.13517322167640372,0.9472623920849558,0.35185185185185186,0.0,0.0,0.37037037037037035,0.0,0.0,0.35648148148148145,0.0,0.0,method\benchmark_results\dual_head_hybrid_postfix_20260903_093428,validation_selected_neural_tree_hybrid,20260725,2,val
screen:RM_BL_AG_carbonate_RM_carbonate_muscle_nan_intramuscular,4,1.0053763096652857,-0.39999999999999997,0.7999999999999999,0.9871204547998675,1.0,0.0,0.0,1.0,0.0,0.0,1.0,0.0,0.0,method\benchmark_results\dual_head_hybrid_postfix_20260903_093428,validation_selected_neural_tree_hybrid,20260725,2,val
screen:Raj_Jacob_ML_branched_ester_RM_Michael_addition_branched_liver_Mouse_intravenous,97,0.9208639957694805,0.6201103911720572,0.7954055333473595,0.9681885407422908,0.2,0.16620659828186035,0.04657948282696404,0.4,0.0,0.0,0.6,0.0,0.0,method\benchmark_results\dual_head_hybrid_postfix_20260903_093428,validation_selected_neural_tree_hybrid,20260725,2,val
screen:Raj_Jacob_ML_branched_ester_RM_Michael_addition_branched_muscle_Mouse_intramuscular,18,1.0067972890427526,0.03611971104231166,0.24045407636738902,0.9105897632704982,0.0,1.3055254817008972,0.30164913849839314,0.0,1.0219670534133911,0.23613133987569176,0.0,1.0012906789779663,0.23135394516135022,method\benchmark_results\dual_head_hybrid_postfix_20260903_093428,validation_selected_neural_tree_hybrid,20260725,2,val
screen:A549_form_screen_IR_Reductive_amination_lung_epithelium_A549_in_vitro,436,1.0076640710747102,0.2481925214691016,0.32532253729323446,0.9218584842391334,0.0,1.1023632287979126,0.23195874892233026,0.11363636363636363,0.2204728126525879,0.04639178490201326,0.20454545454545456,0.2204728126525879,0.04639178490201326,ablation_results\20260903_092831\results.json,A115_dual_rank_residual,20260725,2,test
screen:He_4CR_aldehyde_He_4CR_aldehyde_liver_Mouse_intravenous,161,0.9875481340171313,0.19596811670443331,0.026025542377965425,0.8209229034125667,0.0,0.8328238129615784,0.2332789301074373,0.0,0.652281641960144,0.18270798840883387,0.12121212121212122,0.05241549015045166,0.01468189222384589,ablation_results\20260903_092831\results.json,A115_dual_rank_residual,20260725,2,test
screen:Lee_unsat_dendrimer_Lee_unsat_dendrimer_generic_cell_IGROV1_in_vitro,84,0.915018608632091,0.5336609502798099,0.45506041182192086,0.9017968144167828,0.4,0.0,0.0,0.2222222222222222,0.0,0.0,0.4117647058823529,0.0,0.0,ablation_results\20260903_092831\results.json,A115_dual_rank_residual,20260725,2,test
screen:Li_Thiolyne_Li_Thiolyne_generic_cell_HEK293T_in_vitro,112,0.9799942476045406,0.40582160029103315,0.07590795343480433,0.5410172630792037,0.0,3.440924197435379,0.7849624073747713,0.08333333333333333,1.9182164669036865,0.4375940094376124,0.13043478260869565,1.146974802017212,0.2616541516551501,ablation_results\20260903_092831\results.json,A115_dual_rank_residual,20260725,2,test
screen:Liu_Phospholipids_Liu_iPhos_generic_cell_IGROV1_in_vitro,572,1.0292712209276194,0.01223596972990712,0.18434427723093466,0.8752926418406811,0.3448275862068966,0.0,0.0,0.5517241379310345,0.0,0.0,0.4608695652173913,0.0,0.0,ablation_results\20260903_092831\results.json,A115_dual_rank_residual,20260725,2,test
screen:Raj_Jacob_ML_branched_ester_RM_Michael_addition_branched_lung_Mouse_intravenous,22,1.003028318406869,-0.18012422360248448,0.03896103896103897,0.8167057173352855,0.0,1.7574501037597656,0.3822332139697173,0.3333333333333333,1.7574501037597656,0.3822332139697173,0.4,1.752687931060791,0.38119747442165636,ablation_results\20260903_092831\results.json,A115_dual_rank_residual,20260725,2,test
screen:Whitehead_siRNA_whitehead_lipidoid_generic_cell_nan_in_vitro,1150,0.9878970190369146,0.33202677576039435,0.22844457042159244,0.8502591156690642,0.13793103448275862,0.2579975128173828,0.04431694701398946,0.2,0.2545771598815918,0.043729423521342896,0.3695652173913043,0.0,0.0,ablation_results\20260903_092831\results.json,A115_dual_rank_residual,20260725,2,test
screen:A549_form_screen_IR_Reductive_amination_lung_epithelium_A549_in_vitro,436,0.829653956327814,0.5590212827418326,0.5590212827418326,0.9537203835611714,0.18181818181818182,0.3487382890313475,0.07338134209621998,0.29545454545454547,0.3487382890313475,0.07338134209621998,0.3977272727272727,0.0,0.0,method\benchmark_results\matched_baselines_20260902_171216\predictions.csv,Metadata only / Extra Trees,20260725,2,test
screen:He_4CR_aldehyde_He_4CR_aldehyde_liver_Mouse_intravenous,161,1.0040795736420067,,,0.8563431335797982,0.0,0.35526056063688616,0.09951060358890693,0.058823529411764705,0.35526056063688616,0.09951060358890693,0.030303030303030304,0.35526056063688616,0.09951060358890693,method\benchmark_results\matched_baselines_20260902_171216\predictions.csv,Metadata only / Extra Trees,20260725,2,test
screen:Lee_unsat_dendrimer_Lee_unsat_dendrimer_generic_cell_IGROV1_in_vitro,84,0.8189401738651306,0.5883409773137215,0.5883409773137215,0.8435640034112587,0.4,0.0,0.0,0.2222222222222222,0.0,0.0,0.4117647058823529,0.0,0.0,method\benchmark_results\matched_baselines_20260902_171216\predictions.csv,Metadata only / Extra Trees,20260725,2,test
screen:Li_Thiolyne_Li_Thiolyne_generic_cell_HEK293T_in_vitro,112,1.016196485780595,-0.39086507300628764,-0.39086507300628764,0.49065110148948715,0.0,3.440924319074293,0.7849624051834386,0.08333333333333333,0.7712416436174272,0.17593984621970205,0.08695652173913043,0.7712416436174272,0.17593984621970205,method\benchmark_results\matched_baselines_20260902_171216\predictions.csv,Metadata only / Extra Trees,20260725,2,test
screen:Liu_Phospholipids_Liu_iPhos_generic_cell_IGROV1_in_vitro,572,1.0457923152166906,-0.27709220055579614,-0.27709220055579614,0.7950139600092917,0.034482758620689655,0.0,0.0,0.05172413793103448,0.0,0.0,0.1391304347826087,0.0,0.0,method\benchmark_results\matched_baselines_20260902_171216\predictions.csv,Metadata only / Extra Trees,20260725,2,test
screen:Raj_Jacob_ML_branched_ester_RM_Michael_addition_branched_lung_Mouse_intravenous,22,1.0699348800171578,-0.025409373235460195,-0.025409373235460195,0.7946936424788998,0.0,2.3260164215294843,0.5058924342042681,0.3333333333333333,1.7526879419272963,0.3811974675393879,0.4,1.7526879419272963,0.3811974675393879,method\benchmark_results\matched_baselines_20260902_171216\predictions.csv,Metadata only / Extra Trees,20260725,2,test
screen:Whitehead_siRNA_whitehead_lipidoid_generic_cell_nan_in_vitro,1150,1.0014575471205212,,,0.8173056496063107,0.10344827586206896,0.2579977418244441,0.04431698467827843,0.1565217391304348,0.2579977418244441,0.04431698467827843,0.19130434782608696,0.2579977418244441,0.04431698467827843,method\benchmark_results\matched_baselines_20260902_171216\predictions.csv,Metadata only / Extra Trees,20260725,2,test
screen:A549_form_screen_IR_Reductive_amination_lung_epithelium_A549_in_vitro,436,0.9336151941037792,0.3992123032246511,0.3992123032246511,0.9489111697765603,0.18181818181818182,0.22047266998423365,0.046391752577319645,0.25,0.22047266998423365,0.046391752577319645,0.3181818181818182,0.0,0.0,method\benchmark_results\matched_baselines_20260902_171216\predictions.csv,Ionizable Morgan + metadata / Extra Trees,20260725,2,test
screen:He_4CR_aldehyde_He_4CR_aldehyde_liver_Mouse_intravenous,161,1.0013718720529325,-0.0625536563024577,-0.0625536563024577,0.837564626635453,0.1111111111111111,0.0,0.0,0.17647058823529413,0.0,0.0,0.18181818181818182,0.0,0.0,method\benchmark_results\matched_baselines_20260902_171216\predictions.csv,Ionizable Morgan + metadata / Extra Trees,20260725,2,test
screen:Lee_unsat_dendrimer_Lee_unsat_dendrimer_generic_cell_IGROV1_in_vitro,84,0.7907848698274869,0.6857627083346696,0.6857627083346696,0.930698167600365,0.2,0.0,0.0,0.4444444444444444,0.0,0.0,0.6470588235294118,0.0,0.0,method\benchmark_results\matched_baselines_20260902_171216\predictions.csv,Ionizable Morgan + metadata / Extra Trees,20260725,2,test
screen:Li_Thiolyne_Li_Thiolyne_generic_cell_HEK293T_in_vitro,112,1.0074071423231856,-0.12135834441124525,-0.12135834441124525,0.5166353171711454,0.0,3.440924319074293,0.7849624051834386,0.08333333333333333,1.9182164229551157,0.43759398272098693,0.08695652173913043,1.9182164229551157,0.43759398272098693,method\benchmark_results\matched_baselines_20260902_171216\predictions.csv,Ionizable Morgan + metadata / Extra Trees,20260725,2,test
screen:Liu_Phospholipids_Liu_iPhos_generic_cell_IGROV1_in_vitro,572,1.0037193685024102,-0.0020700720449283935,-0.0020700720449283935,0.8144310749773257,0.034482758620689655,0.0,0.0,0.05172413793103448,0.0,0.0,0.19130434782608696,0.0,0.0,method\benchmark_results\matched_baselines_20260902_171216\predictions.csv,Ionizable Morgan + metadata / Extra Trees,20260725,2,test
screen:Raj_Jacob_ML_branched_ester_RM_Michael_addition_branched_lung_Mouse_intravenous,22,0.9621104864088935,0.7357425183512141,0.7357425183512141,0.8778290791956515,0.5,1.7526879419272963,0.3811974675393879,0.6666666666666666,1.7526879419272963,0.3811974675393879,0.6,1.7526879419272963,0.3811974675393879,method\benchmark_results\matched_baselines_20260902_171216\predictions.csv,Ionizable Morgan + metadata / Extra Trees,20260725,2,test
screen:Whitehead_siRNA_whitehead_lipidoid_generic_cell_nan_in_vitro,1150,0.9361440441112331,0.2901302448807155,0.2901302448807155,0.9274601528700495,0.5517241379310345,0.0,0.0,0.5478260869565217,0.0,0.0,0.49130434782608695,0.0,0.0,method\benchmark_results\matched_baselines_20260902_171216\predictions.csv,Ionizable Morgan + metadata / Extra Trees,20260725,2,test
screen:A549_form_screen_IR_Reductive_amination_lung_epithelium_A549_in_vitro,436,0.8786007689980165,0.5645166498208617,0.3992123032246511,0.9489111703651121,0.18181818181818182,0.2204728126525879,0.04639178490201326,0.25,0.2204728126525879,0.04639178490201326,0.3181818181818182,0.0,0.0,method\benchmark_results\dual_head_hybrid_postfix_20260903_093428,validation_selected_neural_tree_hybrid,20260725,2,test
screen:He_4CR_aldehyde_He_4CR_aldehyde_liver_Mouse_intravenous,161,0.9914442165479601,0.19596811670443331,-0.0625536563024577,0.8375646345578837,0.1111111111111111,0.0,0.0,0.17647058823529413,0.0,0.0,0.18181818181818182,0.0,0.0,method\benchmark_results\dual_head_hybrid_postfix_20260903_093428,validation_selected_neural_tree_hybrid,20260725,2,test
screen:Lee_unsat_dendrimer_Lee_unsat_dendrimer_generic_cell_IGROV1_in_vitro,84,0.8100136649903344,0.5794012061955122,0.6857627083346696,0.9306981674120149,0.2,0.0,0.0,0.4444444444444444,0.0,0.0,0.6470588235294118,0.0,0.0,method\benchmark_results\dual_head_hybrid_postfix_20260903_093428,validation_selected_neural_tree_hybrid,20260725,2,test
screen:Li_Thiolyne_Li_Thiolyne_generic_cell_HEK293T_in_vitro,112,0.9964369315048666,0.17171076989880907,-0.12135834441124525,0.5166353175898916,0.0,3.440924197435379,0.7849624073747713,0.08333333333333333,1.9182164669036865,0.4375940094376124,0.08695652173913043,1.9182164669036865,0.4375940094376124,method\benchmark_results\dual_head_hybrid_postfix_20260903_093428,validation_selected_neural_tree_hybrid,20260725,2,test
screen:Liu_Phospholipids_Liu_iPhos_generic_cell_IGROV1_in_vitro,572,1.030080679306498,-0.15988172393303648,-0.0020700720449283935,0.8144310788479517,0.034482758620689655,0.0,0.0,0.05172413793103448,0.0,0.0,0.19130434782608696,0.0,0.0,method\benchmark_results\dual_head_hybrid_postfix_20260903_093428,validation_selected_neural_tree_hybrid,20260725,2,test
screen:Raj_Jacob_ML_branched_ester_RM_Michael_addition_branched_lung_Mouse_intravenous,22,1.0216707900896893,-0.02428006775832863,0.7357425183512141,0.8778290845343282,0.5,1.752687931060791,0.38119747442165636,0.6666666666666666,1.752687931060791,0.38119747442165636,0.6,1.752687931060791,0.38119747442165636,method\benchmark_results\dual_head_hybrid_postfix_20260903_093428,validation_selected_neural_tree_hybrid,20260725,2,test
screen:Whitehead_siRNA_whitehead_lipidoid_generic_cell_nan_in_vitro,1150,0.9941324081918271,0.33202677576039435,0.2901302448807155,0.9274601522503375,0.5517241379310345,0.0,0.0,0.5478260869565217,0.0,0.0,0.49130434782608695,0.0,0.0,method\benchmark_results\dual_head_hybrid_postfix_20260903_093428,validation_selected_neural_tree_hybrid,20260725,2,test
screen:A549_form_screen_other_lung_epithelium_A549_in_vitro,157,0.9949216203827255,0.1676150724025872,0.6713394384332406,0.93663986759595,0.25,0.0,0.0,0.1875,0.0,0.0,0.46875,0.0,0.0,ablation_results\20260903_093125\results.json,A115_dual_rank_residual,20260726,3,val
screen:AGILE_3CR_Agile_3CR_generic_cell_HeLa_in_vitro,1100,1.0089948302221485,-0.03274435296426667,0.09873062364810833,0.941896779428358,0.09090909090909091,0.08934378623962402,0.016129034340701967,0.17272727272727273,0.08934378623962402,0.016129034340701967,0.2590909090909091,0.08934378623962402,0.016129034340701967,ablation_results\20260903_093125\results.json,A115_dual_rank_residual,20260726,3,val
screen:LM_3CR_LM_3CR_macrophage_BDMC_in_vitro,36,0.9979010916310733,0.3564993564993565,0.6584298584298585,0.9756238697935073,0.5,0.13602399826049805,0.039698835603758545,0.75,0.0,0.0,1.0,0.0,0.0,ablation_results\20260903_093125\results.json,A115_dual_rank_residual,20260726,3,val
screen:Luke_Raj_133_3_form_RM_Michael_addition_branched_133_form_liver_Mouse_intravenous,23,1.001069770599755,0.5029644268774703,0.008893280632411068,0.8004875764059628,0.0,0.8766745328903198,0.20696203928082674,0.3333333333333333,0.8766745328903198,0.20696203928082674,0.4,0.8766745328903198,0.20696203928082674,ablation_results\20260903_093125\results.json,A115_dual_rank_residual,20260726,3,val
screen:Luke_Raj_Branched_ester_RM_Michael_addition_branched_liver_Mouse_intravenous,384,1.0011121211933092,0.12100830466187054,-0.33371347546325647,0.36933807072631825,0.0,5.050151765346527,0.7961604607940939,0.02564102564102564,5.050151765346527,0.7961604607940939,0.09090909090909091,4.9445778131484985,0.7795166428782438,ablation_results\20260903_093125\results.json,A115_dual_rank_residual,20260726,3,val
screen:RM_BL_AG_carbonate_RM_carbonate_generic_cell_nan_in_vitro,709,0.9977445993708929,0.1252637583553432,0.03999138653430674,0.9082962926599119,0.027777777777777776,0.6158604621887207,0.13141391757200593,0.09859154929577464,0.29817938804626465,0.0636262983714246,0.19718309859154928,0.29817938804626465,0.0636262983714246,ablation_results\20260903_093125\results.json,A115_dual_rank_residual,20260726,3,val
screen:RM_BL_AG_carbonate_RM_carbonate_lung_epithelium_nan_intratracheal,35,0.8617480499192698,0.19132992553397973,-0.22914769998066678,0.762484275645062,0.0,3.093460228294134,0.6598981399990835,0.0,3.090770613402128,0.6593243903034143,0.0,2.8004044592380524,0.5973833692749255,ablation_results\20260903_093125\results.json,A115_dual_rank_residual,20260726,3,val
screen:Whitehead_siRNA_whitehead_lipidoid_liver_nan_intravenous,90,0.9992100754192883,0.2888022751898156,0.3868641678600814,0.9304587273175108,0.2,0.005308628082275391,0.0018694202484172875,0.1111111111111111,0.005308628082275391,0.0018694202484172875,0.3888888888888889,0.005308628082275391,0.0018694202484172875,ablation_results\20260903_093125\results.json,A115_dual_rank_residual,20260726,3,val
screen:A549_form_screen_other_lung_epithelium_A549_in_vitro,157,0.8679082756548134,0.4129142446630369,0.4129142446630369,0.9338100016039704,0.25,0.0,0.0,0.1875,0.0,0.0,0.34375,0.0,0.0,method\benchmark_results\matched_baselines_20260902_171216\predictions.csv,Metadata only / Extra Trees,20260726,3,val
screen:AGILE_3CR_Agile_3CR_generic_cell_HeLa_in_vitro,1100,1.007690018414305,,,0.9370386284845165,0.0,1.6975317549565612,0.3064516129032258,0.0,1.6975317549565612,0.3064516129032258,0.0,1.6975317549565612,0.3064516129032258,method\benchmark_results\matched_baselines_20260902_171216\predictions.csv,Metadata only / Extra Trees,20260726,3,val
screen:LM_3CR_LM_3CR_macrophage_BDMC_in_vitro,36,1.0009455950050157,,,0.7659212784785903,0.0,3.0071679740382784,0.8776470924617189,0.0,2.929355735533843,0.8549374581908911,0.0,2.751384713015819,0.8029963123008496,method\benchmark_results\matched_baselines_20260902_171216\predictions.csv,Metadata only / Extra Trees,20260726,3,val
screen:Luke_Raj_133_3_form_RM_Michael_addition_branched_133_form_liver_Mouse_intravenous,23,1.0012737225755977,-0.15209370308091547,-0.15209370308091547,0.7764722983510248,0.0,2.3377455834491037,0.55188620582807,0.0,2.3377455834491037,0.55188620582807,0.0,2.3377455834491037,0.55188620582807,method\benchmark_results\matched_baselines_20260902_171216\predictions.csv,Metadata only / Extra Trees,20260726,3,val
screen:Luke_Raj_Branched_ester_RM_Michael_addition_branched_liver_Mouse_intravenous,384,1.0000848476571589,,,0.4478019963830486,0.05,2.285691335533876,0.36034104748517254,0.05128205128205128,2.285691335533876,0.36034104748517254,0.5324675324675324,2.0118541245653896,0.3171703945160765,method\benchmark_results\matched_baselines_20260902_171216\predictions.csv,Metadata only / Extra Trees,20260726,3,val
screen:RM_BL_AG_carbonate_RM_carbonate_generic_cell_nan_in_vitro,709,0.9985405765138953,,,0.9011172340484588,0.4722222222222222,0.0,0.0,0.23943661971830985,0.0,0.0,0.11971830985915492,0.0,0.0,method\benchmark_results\matched_baselines_20260902_171216\predictions.csv,Metadata only / Extra Trees,20260726,3,val
screen:RM_BL_AG_carbonate_RM_carbonate_lung_epithelium_nan_intratracheal,35,0.8627937916171055,0.28299248357988566,0.28299248357988566,0.8090449407291379,0.0,4.018548647521734,0.8572383807519431,0.5,2.2404125279397324,0.4779256831572391,0.2857142857142857,2.2404125279397324,0.4779256831572391,method\benchmark_results\matched_baselines_20260902_171216\predictions.csv,Metadata only / Extra Trees,20260726,3,val
screen:Whitehead_siRNA_whitehead_lipidoid_liver_nan_intravenous,90,0.9999342613868092,,,0.8372942472435431,0.0,0.026970118691697742,0.009497460247968544,0.1111111111111111,0.026970118691697742,0.009497460247968544,0.2777777777777778,0.026970118691697742,0.009497460247968544,method\benchmark_results\matched_baselines_20260902_171216\predictions.csv,Metadata only / Extra Trees,20260726,3,val
screen:A549_form_screen_other_lung_epithelium_A549_in_vitro,157,0.9422171985473925,0.6089116818122272,0.6089116818122272,0.9458583219870117,0.125,0.44222409495670356,0.0946166394779771,0.4375,0.0,0.0,0.59375,0.0,0.0,method\benchmark_results\matched_baselines_20260902_171216\predictions.csv,Ionizable Morgan + metadata / Extra Trees,20260726,3,val
screen:AGILE_3CR_Agile_3CR_generic_cell_HeLa_in_vitro,1100,1.0104487142798022,0.041239558942953815,0.041239558942953815,0.9452780916811386,0.14545454545454545,0.5360626594599669,0.09677419354838712,0.20909090909090908,0.35737510630664504,0.06451612903225816,0.31363636363636366,0.08934377657666115,0.016129032258064523,method\benchmark_results\matched_baselines_20260902_171216\predictions.csv,Ionizable Morgan + metadata / Extra Trees,20260726,3,val
screen:LM_3CR_LM_3CR_macrophage_BDMC_in_vitro,36,0.9205758837763968,0.3722007722007722,0.3722007722007722,0.9474984006483069,1.0,0.0,0.0,0.5,0.0,0.0,0.75,0.0,0.0,method\benchmark_results\matched_baselines_20260902_171216\predictions.csv,Ionizable Morgan + metadata / Extra Trees,20260726,3,val
screen:Luke_Raj_133_3_form_RM_Michael_addition_branched_133_form_liver_Mouse_intravenous,23,1.0192073902855134,0.35323390976121405,0.35323390976121405,0.8603094314486501,0.0,0.8766744904440105,0.20696202431214442,0.3333333333333333,0.8766744904440105,0.20696202431214442,0.4,0.0,0.0,method\benchmark_results\matched_baselines_20260902_171216\predictions.csv,Ionizable Morgan + metadata / Extra Trees,20260726,3,val
screen:Luke_Raj_Branched_ester_RM_Michael_addition_branched_liver_Mouse_intravenous,384,1.0376388527982916,-0.19501330238004766,-0.19501330238004766,0.38764493511012527,0.0,4.944577934225891,0.779516623479199,0.05128205128205128,4.944577934225891,0.779516623479199,0.15584415584415584,4.944577934225891,0.779516623479199,method\benchmark_results\matched_baselines_20260902_171216\predictions.csv,Ionizable Morgan + metadata / Extra Trees,20260726,3,val
screen:RM_BL_AG_carbonate_RM_carbonate_generic_cell_nan_in_vitro,709,1.0290887143261493,0.055175574363481784,0.055175574363481784,0.917839517871436,0.19444444444444445,0.2981794727048275,0.06362631297871083,0.30985915492957744,0.2981794727048275,0.06362631297871083,0.36619718309859156,0.2981794727048275,0.06362631297871083,method\benchmark_results\matched_baselines_20260902_171216\predictions.csv,Ionizable Morgan + metadata / Extra Trees,20260726,3,val
screen:RM_BL_AG_carbonate_RM_carbonate_lung_epithelium_nan_intratracheal,35,0.9806531607061232,-0.12059668073554651,-0.12059668073554651,0.7368141512664912,0.0,3.455457347677732,0.7371195228176326,0.0,2.5440799197205823,0.5427041308134395,0.14285714285714285,2.5440799197205823,0.5427041308134395,method\benchmark_results\matched_baselines_20260902_171216\predictions.csv,Ionizable Morgan + metadata / Extra Trees,20260726,3,val
screen:Whitehead_siRNA_whitehead_lipidoid_liver_nan_intravenous,90,1.1188674949417894,0.4904493988986632,0.4904493988986632,0.9276638655253852,0.0,0.0588632209959572,0.02072853693627179,0.2222222222222222,0.005308608952044658,0.001869413444946182,0.2222222222222222,0.005308608952044658,0.001869413444946182,method\benchmark_results\matched_baselines_20260902_171216\predictions.csv,Ionizable Morgan + metadata / Extra Trees,20260726,3,val
screen:A549_form_screen_other_lung_epithelium_A549_in_vitro,157,0.8685308389592203,0.41651497353760514,0.6089116818122272,0.9458583199008725,0.125,0.442224383354187,0.09461670035018652,0.4375,0.0,0.0,0.59375,0.0,0.0,method\benchmark_results\dual_head_hybrid_postfix_20260903_093428,validation_selected_neural_tree_hybrid,20260726,3,val
screen:AGILE_3CR_Agile_3CR_generic_cell_HeLa_in_vitro,1100,1.0077583891082813,-0.03274435296426667,0.041239558942953815,0.9452780895201195,0.14545454545454545,0.5360629558563232,0.09677424908538582,0.20909090909090908,0.3573751449584961,0.06451613736280787,0.31363636363636366,0.08934378623962402,0.016129034340701967,method\benchmark_results\dual_head_hybrid_postfix_20260903_093428,validation_selected_neural_tree_hybrid,20260726,3,val
screen:LM_3CR_LM_3CR_macrophage_BDMC_in_vitro,36,1.0006315050379317,0.3564993564993565,0.3722007722007722,0.9474983998491261,1.0,0.0,0.0,0.5,0.0,0.0,0.75,0.0,0.0,method\benchmark_results\dual_head_hybrid_postfix_20260903_093428,validation_selected_neural_tree_hybrid,20260726,3,val
screen:Luke_Raj_133_3_form_RM_Michael_addition_branched_133_form_liver_Mouse_intravenous,23,1.001017983606315,-0.09881422924901187,0.35323390976121405,0.8603094327458779,0.0,0.8766745328903198,0.20696203928082674,0.3333333333333333,0.8766745328903198,0.20696203928082674,0.4,0.0,0.0,method\benchmark_results\dual_head_hybrid_postfix_20260903_093428,validation_selected_neural_tree_hybrid,20260726,3,val
screen:Luke_Raj_Branched_ester_RM_Michael_addition_branched_liver_Mouse_intravenous,384,0.9999310934679907,0.12100830466187054,-0.19501330238004766,0.38764493240622294,0.0,4.9445778131484985,0.7795166428782438,0.05128205128205128,4.9445778131484985,0.7795166428782438,0.15584415584415584,4.9445778131484985,0.7795166428782438,method\benchmark_results\dual_head_hybrid_postfix_20260903_093428,validation_selected_neural_tree_hybrid,20260726,3,val
screen:RM_BL_AG_carbonate_RM_carbonate_generic_cell_nan_in_vitro,709,0.9983826636711163,0.1252637583553432,0.055175574363481784,0.9178395143731362,0.19444444444444445,0.29817938804626465,0.0636262983714246,0.30985915492957744,0.29817938804626465,0.0636262983714246,0.36619718309859156,0.29817938804626465,0.0636262983714246,method\benchmark_results\dual_head_hybrid_postfix_20260903_093428,validation_selected_neural_tree_hybrid,20260726,3,val
screen:RM_BL_AG_carbonate_RM_carbonate_lung_epithelium_nan_intratracheal,35,0.8625749592311303,0.1966524271227727,-0.12059668073554651,0.7368141528071047,0.0,3.455457419157028,0.7371195216578502,0.0,2.5440800189971924,0.5427041399109439,0.14285714285714285,2.5440800189971924,0.5427041399109439,method\benchmark_results\dual_head_hybrid_postfix_20260903_093428,validation_selected_neural_tree_hybrid,20260726,3,val
screen:Whitehead_siRNA_whitehead_lipidoid_liver_nan_intravenous,90,0.9996671715888835,0.2888022751898156,0.4904493988986632,0.9276638693018178,0.0,0.058863162994384766,0.02072851725194216,0.2222222222222222,0.005308628082275391,0.0018694202484172875,0.2222222222222222,0.005308628082275391,0.0018694202484172875,method\benchmark_results\dual_head_hybrid_postfix_20260903_093428,validation_selected_neural_tree_hybrid,20260726,3,val
screen:AGILE_3CR_Agile_3CR_macrophage_RAW264p7_in_vitro,1100,1.0185187249886243,-0.04164084612087635,0.11462258481592726,0.9061728001668117,0.03636363636363636,1.88653564453125,0.26037739648796887,0.17272727272727273,1.2576904296875,0.17358493099197925,0.2772727272727273,1.1483261585235596,0.1584906049043603,ablation_results\20260903_093125\results.json,A115_dual_rank_residual,20260726,3,test
screen:Chen_disulfide_Chen_disulfide_liver_Mouse_intravenous,31,1.0009798311441669,0.4016970474989416,0.34151317612906495,0.9571576811909891,0.0,0.3636036515235901,0.09361934895980087,0.0,0.3636036515235901,0.09361934895980087,0.2857142857142857,0.3636036515235901,0.09361934895980087,ablation_results\20260903_093125\results.json,A115_dual_rank_residual,20260726,3,test
screen:He_4CR_aldehyde_He_4CR_aldehyde_spleen_Mouse_intravenous,160,0.9969279412367132,-0.25325944412287665,-0.019972105240005318,0.836765347837108,0.0,0.27100133895874023,0.09090909817990973,0.0625,0.27100133895874023,0.09090909817990973,0.25,0.09564757347106934,0.03208557817743998,ablation_results\20260903_093125\results.json,A115_dual_rank_residual,20260726,3,test
screen:IR_BL_AG_4CR_IR_4CR_aldehyde_muscle_Mouse_intramuscular,51,1.002348099061699,-0.1715006078167833,0.45643615276367,0.8264109474222389,0.0,0.5672236680984497,0.18135977187673494,0.16666666666666666,0.5672236680984497,0.18135977187673494,0.36363636363636365,0.0,0.0,ablation_results\20260903_093125\results.json,A115_dual_rank_residual,20260726,3,test
screen:LM_3CR_LM_3CR_generic_cell_HeLa_in_vitro,1080,0.9873071014162701,0.3207338547350809,0.2022253645995808,0.9332835885986958,0.2962962962962963,0.0,0.0,0.32407407407407407,0.0,0.0,0.35185185185185186,0.0,0.0,ablation_results\20260903_093125\results.json,A115_dual_rank_residual,20260726,3,test
screen:RM_BL_AG_carbonate_RM_carbonate_muscle_nan_intramuscular,4,1.0046665830961024,-0.19999999999999998,-0.19999999999999998,0.6625315674018344,0.0,2.561699151992798,1.0,0.0,2.561699151992798,1.0,0.0,2.561699151992798,1.0,ablation_results\20260903_093125\results.json,A115_dual_rank_residual,20260726,3,test
screen:Raj_Jacob_ML_branched_ester_RM_Michael_addition_branched_liver_Mouse_intravenous,97,1.002812099461158,0.21314169997896065,0.5779902167052386,0.9581750687434986,0.2,0.16620659828186035,0.04657948127081514,0.5,0.0,0.0,0.5,0.0,0.0,ablation_results\20260903_093125\results.json,A115_dual_rank_residual,20260726,3,test
screen:Raj_Jacob_ML_branched_ester_RM_Michael_addition_branched_muscle_Mouse_intramuscular,18,1.001575897382501,-0.27347781217750256,0.27554179566563464,0.909269882124952,0.0,1.3055254817008972,0.30164913849839314,0.0,1.0219670534133911,0.23613133987569176,0.0,1.0012906789779663,0.23135394516135022,ablation_results\20260903_093125\results.json,A115_dual_rank_residual,20260726,3,test
screen:AGILE_3CR_Agile_3CR_macrophage_RAW264p7_in_vitro,1100,1.0151768932984944,,,0.8998221875048167,0.07272727272727272,1.5857833552675977,0.2188679245661802,0.1,1.0116204162078035,0.13962264152206003,0.20909090909090908,0.0,0.0,method\benchmark_results\matched_baselines_20260902_171216\predictions.csv,Metadata only / Extra Trees,20260726,3,test
screen:Chen_disulfide_Chen_disulfide_liver_Mouse_intravenous,31,0.9852043924773223,0.2891652451225496,0.2891652451225496,0.9314276699448257,0.0,0.5949806198336335,0.15319344155124653,0.0,0.5949806198336335,0.15319344155124653,0.0,0.5949806198336335,0.15319344155124653,method\benchmark_results\matched_baselines_20260902_171216\predictions.csv,Metadata only / Extra Trees,20260726,3,test
screen:He_4CR_aldehyde_He_4CR_aldehyde_spleen_Mouse_intravenous,160,0.9870498628353298,,,0.7976438550077863,0.125,0.09564752457455028,0.03208556149732609,0.125,0.09564752457455028,0.03208556149732609,0.15625,0.09564752457455028,0.03208556149732609,method\benchmark_results\matched_baselines_20260902_171216\predictions.csv,Metadata only / Extra Trees,20260726,3,test
screen:IR_BL_AG_4CR_IR_4CR_aldehyde_muscle_Mouse_intramuscular,51,1.0018488051072094,,,0.712647542152299,0.0,3.127615825256072,1.0,0.0,3.127615825256072,1.0,0.0,3.127615825256072,1.0,method\benchmark_results\matched_baselines_20260902_171216\predictions.csv,Metadata only / Extra Trees,20260726,3,test
screen:LM_3CR_LM_3CR_generic_cell_HeLa_in_vitro,1080,1.000000036386348,,,0.8957061559244145,0.16666666666666666,0.0,0.0,0.18518518518518517,0.0,0.0,0.1574074074074074,0.0,0.0,method\benchmark_results\matched_baselines_20260902_171216\predictions.csv,Metadata only / Extra Trees,20260726,3,test
screen:RM_BL_AG_carbonate_RM_carbonate_muscle_nan_intramuscular,4,1.000357643551448,,,0.7189514222732244,0.0,2.561699290128046,1.0,0.0,2.561699290128046,1.0,0.0,2.561699290128046,1.0,method\benchmark_results\matched_baselines_20260902_171216\predictions.csv,Metadata only / Extra Trees,20260726,3,test
screen:Raj_Jacob_ML_branched_ester_RM_Michael_addition_branched_liver_Mouse_intravenous,97,0.964719668387932,0.41964893536426634,0.41964893536426634,0.9111776445748688,0.0,0.26267422192283574,0.0736145763360905,0.2,0.2254026389355097,0.06316919737616557,0.2,0.16620661598528108,0.0465794836297489,method\benchmark_results\matched_baselines_20260902_171216\predictions.csv,Metadata only / Extra Trees,20260726,3,test
screen:Raj_Jacob_ML_branched_ester_RM_Michael_addition_branched_muscle_Mouse_intramuscular,18,1.013406309584843,-0.2039347308579719,-0.2039347308579719,0.7829190044219465,0.0,4.327960577364987,1.0,0.0,2.0993622518111725,0.48506963367243455,0.0,1.021967162689008,0.23613134741426342,method\benchmark_results\matched_baselines_20260902_171216\predictions.csv,Metadata only / Extra Trees,20260726,3,test
screen:AGILE_3CR_Agile_3CR_macrophage_RAW264p7_in_vitro,1100,1.0067167027754835,0.13060773609305806,0.13060773609305806,0.905205394200278,0.12727272727272726,1.9685586474354055,0.2716981131879066,0.24545454545454545,1.8591942785524438,0.25660377362418685,0.38181818181818183,1.8591942785524438,0.25660377362418685,method\benchmark_results\matched_baselines_20260902_171216\predictions.csv,Ionizable Morgan + metadata / Extra Trees,20260726,3,test
screen:Chen_disulfide_Chen_disulfide_liver_Mouse_intravenous,31,1.012537402576868,0.47137300596406717,0.47137300596406717,0.9515657634523828,0.0,0.36360381258360275,0.09361938448753454,0.25,0.16103191746768186,0.04146191121883659,0.5714285714285714,0.16103191746768186,0.04146191121883659,method\benchmark_results\matched_baselines_20260902_171216\predictions.csv,Ionizable Morgan + metadata / Extra Trees,20260726,3,test
screen:He_4CR_aldehyde_He_4CR_aldehyde_spleen_Mouse_intravenous,160,1.1503468157586147,0.058417997431069874,0.058417997431069874,0.8757764737527727,0.25,0.09564752457455028,0.03208556149732609,0.375,0.09564752457455028,0.03208556149732609,0.375,0.09564752457455028,0.03208556149732609,method\benchmark_results\matched_baselines_20260902_171216\predictions.csv,Ionizable Morgan + metadata / Extra Trees,20260726,3,test
screen:IR_BL_AG_4CR_IR_4CR_aldehyde_muscle_Mouse_intramuscular,51,1.0124850922159907,0.10915788212355848,0.10915788212355848,0.7041793504433943,0.0,2.4265039310439516,0.7758318369697093,0.16666666666666666,0.0,0.0,0.09090909090909091,0.0,0.0,method\benchmark_results\matched_baselines_20260902_171216\predictions.csv,Ionizable Morgan + metadata / Extra Trees,20260726,3,test
screen:LM_3CR_LM_3CR_generic_cell_HeLa_in_vitro,1080,0.9907226729761955,0.12765806373628838,0.12765806373628838,0.9443645780708843,0.42592592592592593,0.0,0.0,0.3611111111111111,0.0,0.0,0.30092592592592593,0.0,0.0,method\benchmark_results\matched_baselines_20260902_171216\predictions.csv,Ionizable Morgan + metadata / Extra Trees,20260726,3,test
screen:RM_BL_AG_carbonate_RM_carbonate_muscle_nan_intramuscular,4,1.0676433426735699,-0.39999999999999997,-0.39999999999999997,0.6557122279232812,0.0,2.561699290128046,1.0,0.0,2.561699290128046,1.0,0.0,2.561699290128046,1.0,method\benchmark_results\matched_baselines_20260902_171216\predictions.csv,Ionizable Morgan + metadata / Extra Trees,20260726,3,test
screen:Raj_Jacob_ML_branched_ester_RM_Michael_addition_branched_liver_Mouse_intravenous,97,0.8406451673951907,0.6912870818430463,0.6912870818430463,0.9689282645001054,0.2,0.16620661598528108,0.0465794836297489,0.5,0.0,0.0,0.65,0.0,0.0,method\benchmark_results\matched_baselines_20260902_171216\predictions.csv,Ionizable Morgan + metadata / Extra Trees,20260726,3,test
screen:Raj_Jacob_ML_branched_ester_RM_Michael_addition_branched_muscle_Mouse_intramuscular,18,1.0275495967105965,0.2053663570691434,0.2053663570691434,0.9064486940322538,0.0,1.3055255548808913,0.30164913278293787,0.0,1.021967162689008,0.23613134741426342,0.0,1.0012907437362344,0.23135394277224564,method\benchmark_results\matched_baselines_20260902_171216\predictions.csv,Ionizable Morgan + metadata / Extra Trees,20260726,3,test
screen:AGILE_3CR_Agile_3CR_macrophage_RAW264p7_in_vitro,1100,1.0154384302125665,-0.04164084612087635,0.13060773609305806,0.9052053860948924,0.12727272727272726,1.9685590267181396,0.2716981657333687,0.24545454545454545,1.8591945171356201,0.2566038067395022,0.38181818181818183,1.8591945171356201,0.2566038067395022,method\benchmark_results\dual_head_hybrid_postfix_20260903_093428,validation_selected_neural_tree_hybrid,20260726,3,test
screen:Chen_disulfide_Chen_disulfide_liver_Mouse_intravenous,31,0.9861474943319957,0.28759004305605473,0.47137300596406717,0.9515657667894867,0.0,0.3636036515235901,0.09361934895980087,0.25,0.1610318422317505,0.04146189447868006,0.5714285714285714,0.1610318422317505,0.04146189447868006,method\benchmark_results\dual_head_hybrid_postfix_20260903_093428,validation_selected_neural_tree_hybrid,20260726,3,test
screen:He_4CR_aldehyde_He_4CR_aldehyde_spleen_Mouse_intravenous,160,0.9877099125735189,-0.25325944412287665,0.058417997431069874,0.8757764727072559,0.25,0.09564757347106934,0.03208557817743998,0.375,0.09564757347106934,0.03208557817743998,0.375,0.09564757347106934,0.03208557817743998,method\benchmark_results\dual_head_hybrid_postfix_20260903_093428,validation_selected_neural_tree_hybrid,20260726,3,test
screen:IR_BL_AG_4CR_IR_4CR_aldehyde_muscle_Mouse_intramuscular,51,1.0018151197264464,-0.1715006078167833,0.10915788212355848,0.7041793521196174,0.0,2.426503837108612,0.7758318404295843,0.16666666666666666,0.0,0.0,0.09090909090909091,0.0,0.0,method\benchmark_results\dual_head_hybrid_postfix_20260903_093428,validation_selected_neural_tree_hybrid,20260726,3,test
screen:LM_3CR_LM_3CR_generic_cell_HeLa_in_vitro,1080,0.9979797233173116,0.3207338547350809,0.12765806373628838,0.9443645764942368,0.42592592592592593,0.0,0.0,0.3611111111111111,0.0,0.0,0.30092592592592593,0.0,0.0,method\benchmark_results\dual_head_hybrid_postfix_20260903_093428,validation_selected_neural_tree_hybrid,20260726,3,test
screen:RM_BL_AG_carbonate_RM_carbonate_muscle_nan_intramuscular,4,1.0007820173199042,-0.19999999999999998,-0.39999999999999997,0.6557122273248531,0.0,2.561699151992798,1.0,0.0,2.561699151992798,1.0,0.0,2.561699151992798,1.0,method\benchmark_results\dual_head_hybrid_postfix_20260903_093428,validation_selected_neural_tree_hybrid,20260726,3,test
screen:Raj_Jacob_ML_branched_ester_RM_Michael_addition_branched_liver_Mouse_intravenous,97,0.9678291461436991,0.42883442036608455,0.6912870818430463,0.9689282656599071,0.2,0.16620659828186035,0.04657948127081514,0.5,0.0,0.0,0.65,0.0,0.0,method\benchmark_results\dual_head_hybrid_postfix_20260903_093428,validation_selected_neural_tree_hybrid,20260726,3,test
screen:Raj_Jacob_ML_branched_ester_RM_Michael_addition_branched_muscle_Mouse_intramuscular,18,1.011633131982911,-0.22187822497420018,0.2053663570691434,0.9064486933774876,0.0,1.3055254817008972,0.30164913849839314,0.0,1.0219670534133911,0.23613133987569176,0.0,1.0012906789779663,0.23135394516135022,method\benchmark_results\dual_head_hybrid_postfix_20260903_093428,validation_selected_neural_tree_hybrid,20260726,3,test
screen:Akinc_Michael_addition_Akinc_Michael_generic_cell_HeLa_in_vitro,487,1.0116210026922814,0.16744447815415772,0.1123792753188512,0.5344435845420499,0.04,2.917478322982788,0.49999995913961764,0.16326530612244897,2.917478322982788,0.49999995913961764,0.29591836734693877,0.0,0.0,ablation_results\20260903_093354\results.json,A115_dual_rank_residual,20260727,4,val
screen:Chen_disulfide_Chen_disulfide_generic_cell_IGROV1_in_vitro,100,0.9932020093743279,0.3181515892914413,0.3045226228733181,0.950186391370982,0.2,0.0,0.0,0.1,0.0,0.0,0.25,0.0,0.0,ablation_results\20260903_093354\results.json,A115_dual_rank_residual,20260727,4,val
screen:IR_4CR_ketone_4CR_Ketone_lung_epithelium_HBEC_ALI_in_vitro,28,0.9963430645192718,-0.304879735614836,-0.024004105880987087,0.7843262642825919,0.0,2.539199074730277,0.6153846103495553,0.0,1.2695995569229126,0.30769230991467905,0.3333333333333333,0.9521995782852173,0.23076921076788873,ablation_results\20260903_093354\results.json,A115_dual_rank_residual,20260727,4,val
screen:LM_3CR_LM_3CR_dendritic_cell_BMDM_in_vitro,12,0.9993385342665669,0.5804195804195805,0.41958041958041964,0.7464787442525727,0.0,2.6835421919822693,0.9205780247209029,0.0,1.637388713657856,0.5616994106606573,0.3333333333333333,0.33091306686401367,0.11351835583512321,ablation_results\20260903_093354\results.json,A115_dual_rank_residual,20260727,4,val
screen:Miller_zwitter_lipids_Miller_ZAL_generic_cell_HeLa_in_vitro,72,0.9948144816129766,0.22110480425180867,0.3467144608345798,0.8140174983654659,0.25,0.0,0.0,0.125,0.0,0.0,0.4666666666666667,0.0,0.0,ablation_results\20260903_093354\results.json,A115_dual_rank_residual,20260727,4,val
screen:Sanofi_goods_Sanofi_goods_muscle_Mouse_intramuscular,260,0.9990905690980278,0.3342108655182269,-0.15793230552502346,0.7403950507469395,0.0,2.81818026304245,0.6440276664319096,0.07692307692307693,1.2727628946304321,0.2908595052273321,0.21153846153846154,0.0,0.0,ablation_results\20260903_093354\results.json,A115_dual_rank_residual,20260727,4,val
screen:Yan_aza_michael_Yan_aza_michael_generic_cell_IGROV1_in_vitro,119,0.998442483144025,-0.01296804346089207,0.16786115681262762,0.6218650639210527,0.0,3.7408807277679443,1.0,0.08333333333333333,0.0,0.0,0.08333333333333333,0.0,0.0,ablation_results\20260903_093354\results.json,A115_dual_rank_residual,20260727,4,val
screen:Zhou_dendrimer_Zhou_dendrimer_generic_cell_HeLa_in_vitro,1470,0.99303162768891,0.25437258131567964,0.1980829747079239,0.7953622943123521,0.16216216216216217,0.0,0.0,0.3333333333333333,0.0,0.0,0.336734693877551,0.0,0.0,ablation_results\20260903_093354\results.json,A115_dual_rank_residual,20260727,4,val
screen:Akinc_Michael_addition_Akinc_Michael_generic_cell_HeLa_in_vitro,487,1.0111389968208366,,,0.5077882388174177,0.4,0.0,0.0,0.20408163265306123,0.0,0.0,0.3163265306122449,0.0,0.0,method\benchmark_results\matched_baselines_20260902_171216\predictions.csv,Metadata only / Extra Trees,20260727,4,val
screen:Chen_disulfide_Chen_disulfide_generic_cell_IGROV1_in_vitro,100,0.927597542247333,0.5687741290390842,0.5687741290390842,0.978912952433918,0.4,0.0,0.0,0.2,0.0,0.0,0.2,0.0,0.0,method\benchmark_results\matched_baselines_20260902_171216\predictions.csv,Metadata only / Extra Trees,20260727,4,val
screen:IR_4CR_ketone_4CR_Ketone_lung_epithelium_HBEC_ALI_in_vitro,28,0.9668114820730788,0.41491124473364416,0.41491124473364416,0.8990946699721792,1.0,0.0,0.0,0.6666666666666666,0.0,0.0,0.5,0.0,0.0,method\benchmark_results\matched_baselines_20260902_171216\predictions.csv,Metadata only / Extra Trees,20260727,4,val
screen:LM_3CR_LM_3CR_dendritic_cell_BMDM_in_vitro,12,1.0002892361701798,,,0.7387476120663493,0.0,2.915062179271949,1.0,0.0,2.6835423513951278,0.9205780825112126,0.0,2.5858974600628573,0.8870814071995876,method\benchmark_results\matched_baselines_20260902_171216\predictions.csv,Metadata only / Extra Trees,20260727,4,val
screen:Miller_zwitter_lipids_Miller_ZAL_generic_cell_HeLa_in_vitro,72,1.0003075200842353,0.17817211933319102,0.17817211933319102,0.7646285707008914,0.25,0.0,0.0,0.125,0.0,0.0,0.26666666666666666,0.0,0.0,method\benchmark_results\matched_baselines_20260902_171216\predictions.csv,Metadata only / Extra Trees,20260727,4,val
screen:Sanofi_goods_Sanofi_goods_muscle_Mouse_intramuscular,260,1.008321192297379,,,0.7729731473955577,0.15384615384615385,0.9571176697216552,0.21872634917284106,0.23076923076923078,0.9571176697216552,0.21872634917284106,0.23076923076923078,0.9571176697216552,0.21872634917284106,method\benchmark_results\matched_baselines_20260902_171216\predictions.csv,Metadata only / Extra Trees,20260727,4,val
screen:Yan_aza_michael_Yan_aza_michael_generic_cell_IGROV1_in_vitro,119,1.0129216162738086,,,0.6593853453459043,0.0,2.9927046511379976,0.8,0.0,2.9927046511379976,0.8,0.0,2.9927046511379976,0.8,method\benchmark_results\matched_baselines_20260902_171216\predictions.csv,Metadata only / Extra Trees,20260727,4,val
screen:Zhou_dendrimer_Zhou_dendrimer_generic_cell_HeLa_in_vitro,1470,1.006952769618591,-0.07358950581441139,-0.07358950581441139,0.7185712059458399,0.04054054054054054,0.0,0.0,0.12244897959183673,0.0,0.0,0.25170068027210885,0.0,0.0,method\benchmark_results\matched_baselines_20260902_171216\predictions.csv,Metadata only / Extra Trees,20260727,4,val
screen:Akinc_Michael_addition_Akinc_Michael_generic_cell_HeLa_in_vitro,487,1.0166699391992196,0.07856405258741356,0.07856405258741356,0.5077252337510686,0.04,2.9174786372649444,0.5,0.04081632653061224,0.0,0.0,0.19387755102040816,0.0,0.0,method\benchmark_results\matched_baselines_20260902_171216\predictions.csv,Ionizable Morgan + metadata / Extra Trees,20260727,4,val
screen:Chen_disulfide_Chen_disulfide_generic_cell_IGROV1_in_vitro,100,0.8951631738545396,0.47355299613376456,0.47355299613376456,0.9778613481460724,0.4,0.0,0.0,0.4,0.0,0.0,0.65,0.0,0.0,method\benchmark_results\matched_baselines_20260902_171216\predictions.csv,Ionizable Morgan + metadata / Extra Trees,20260727,4,val
screen:IR_4CR_ketone_4CR_Ketone_lung_epithelium_HBEC_ALI_in_vitro,28,0.9997262438098578,0.18651466178789966,0.18651466178789966,0.8748178597013968,0.0,0.9521996827058321,0.23076923076923064,0.3333333333333333,0.9521996827058321,0.23076923076923064,0.5,0.9521996827058321,0.23076923076923064,method\benchmark_results\matched_baselines_20260902_171216\predictions.csv,Ionizable Morgan + metadata / Extra Trees,20260727,4,val
screen:LM_3CR_LM_3CR_dendritic_cell_BMDM_in_vitro,12,1.0027422455530208,0.9090909090909092,0.9090909090909092,0.8997003389296575,0.0,1.3894849622580936,0.4766570579997454,0.5,0.0,0.0,0.6666666666666666,0.0,0.0,method\benchmark_results\matched_baselines_20260902_171216\predictions.csv,Ionizable Morgan + metadata / Extra Trees,20260727,4,val
screen:Miller_zwitter_lipids_Miller_ZAL_generic_cell_HeLa_in_vitro,72,1.149593714826077,-0.27013163965901194,-0.27013163965901194,0.5511363651396666,0.0,2.4277326460937885,0.7499999999999999,0.0,2.4277326460937885,0.7499999999999999,0.0,2.4277326460937885,0.7499999999999999,method\benchmark_results\matched_baselines_20260902_171216\predictions.csv,Ionizable Morgan + metadata / Extra Trees,20260727,4,val
screen:Sanofi_goods_Sanofi_goods_muscle_Mouse_intramuscular,260,1.0032179788963718,0.2816475828260729,0.2816475828260729,0.7805916066356735,0.3076923076923077,0.11200313091058334,0.02559563645619884,0.3076923076923077,0.11200313091058334,0.02559563645619884,0.3076923076923077,0.11200313091058334,0.02559563645619884,method\benchmark_results\matched_baselines_20260902_171216\predictions.csv,Ionizable Morgan + metadata / Extra Trees,20260727,4,val
screen:Yan_aza_michael_Yan_aza_michael_generic_cell_IGROV1_in_vitro,119,1.1036435296210068,0.27331551885306155,0.27331551885306155,0.7343738014541166,0.0,1.496352325568999,0.4000000000000001,0.16666666666666666,0.0,0.0,0.2916666666666667,0.0,0.0,method\benchmark_results\matched_baselines_20260902_171216\predictions.csv,Ionizable Morgan + metadata / Extra Trees,20260727,4,val
screen:Zhou_dendrimer_Zhou_dendrimer_generic_cell_HeLa_in_vitro,1470,0.9569549009599031,0.20888732675702973,0.20888732675702973,0.8595395354932203,0.3783783783783784,0.0,0.0,0.36054421768707484,0.0,0.0,0.3979591836734694,0.0,0.0,method\benchmark_results\matched_baselines_20260902_171216\predictions.csv,Ionizable Morgan + metadata / Extra Trees,20260727,4,val
screen:Akinc_Michael_addition_Akinc_Michael_generic_cell_HeLa_in_vitro,487,1.0078660158852393,0.16744447815415772,0.07856405258741356,0.5077252348360796,0.04,2.917478322982788,0.49999995913961764,0.04081632653061224,0.0,0.0,0.19387755102040816,0.0,0.0,method\benchmark_results\dual_head_hybrid_postfix_20260903_093428,validation_selected_neural_tree_hybrid,20260727,4,val
screen:Chen_disulfide_Chen_disulfide_generic_cell_IGROV1_in_vitro,100,0.9756762060659658,0.58789640327065,0.47355299613376456,0.977861347904456,0.4,0.0,0.0,0.4,0.0,0.0,0.65,0.0,0.0,method\benchmark_results\dual_head_hybrid_postfix_20260903_093428,validation_selected_neural_tree_hybrid,20260727,4,val
screen:IR_4CR_ketone_4CR_Ketone_lung_epithelium_HBEC_ALI_in_vitro,28,0.9800554891557907,0.35040476400981146,0.18651466178789966,0.8748178605787207,0.0,0.9521995782852173,0.23076921076788873,0.3333333333333333,0.9521995782852173,0.23076921076788873,0.5,0.9521995782852173,0.23076921076788873,method\benchmark_results\dual_head_hybrid_postfix_20260903_093428,validation_selected_neural_tree_hybrid,20260727,4,val
screen:LM_3CR_LM_3CR_dendritic_cell_BMDM_in_vitro,12,0.9990872309972233,0.5804195804195805,0.9090909090909092,0.8997003506686776,0.0,1.389484852552414,0.4766570187582755,0.5,0.0,0.0,0.6666666666666666,0.0,0.0,method\benchmark_results\dual_head_hybrid_postfix_20260903_093428,validation_selected_neural_tree_hybrid,20260727,4,val
screen:Miller_zwitter_lipids_Miller_ZAL_generic_cell_HeLa_in_vitro,72,0.994964420502155,0.25882573332744957,-0.27013163965901194,0.5511363709444979,0.0,2.427732516080141,0.7499999873405969,0.0,2.427732516080141,0.7499999873405969,0.0,2.427732516080141,0.7499999873405969,method\benchmark_results\dual_head_hybrid_postfix_20260903_093428,validation_selected_neural_tree_hybrid,20260727,4,val
screen:Sanofi_goods_Sanofi_goods_muscle_Mouse_intramuscular,260,0.9990755252109199,0.3342108655182269,0.2816475828260729,0.7805916087424271,0.3076923076923077,0.11200332641601562,0.02559568026583382,0.3076923076923077,0.11200332641601562,0.02559568026583382,0.3076923076923077,0.11200332641601562,0.02559568026583382,method\benchmark_results\dual_head_hybrid_postfix_20260903_093428,validation_selected_neural_tree_hybrid,20260727,4,val
screen:Yan_aza_michael_Yan_aza_michael_generic_cell_IGROV1_in_vitro,119,0.9987162054348696,-0.01296804346089207,0.27331551885306155,0.7343738000305589,0.0,1.4963523149490356,0.4000000063733275,0.16666666666666666,0.0,0.0,0.2916666666666667,0.0,0.0,method\benchmark_results\dual_head_hybrid_postfix_20260903_093428,validation_selected_neural_tree_hybrid,20260727,4,val
screen:Zhou_dendrimer_Zhou_dendrimer_generic_cell_HeLa_in_vitro,1470,0.9946225350982466,0.25314673002180244,0.20888732675702973,0.8595395368994327,0.3783783783783784,0.0,0.0,0.36054421768707484,0.0,0.0,0.3979591836734694,0.0,0.0,method\benchmark_results\dual_head_hybrid_postfix_20260903_093428,validation_selected_neural_tree_hybrid,20260727,4,val
screen:A549_form_screen_other_lung_epithelium_A549_in_vitro,157,1.0003660816642221,0.19649518876093938,0.7532708369348883,0.9444705852107401,0.0,0.9073220491409302,0.1941272839673502,0.1875,0.0,0.0,0.5,0.0,0.0,ablation_results\20260903_093354\results.json,A115_dual_rank_residual,20260727,4,test
screen:AGILE_3CR_Agile_3CR_generic_cell_HeLa_in_vitro,1100,1.0109616293010184,-0.029765196539784253,0.19628212286255012,0.9469255218816587,0.05454545454545454,0.5360628366470337,0.09677422339952262,0.17272727272727273,0.5360628366470337,0.09677422339952262,0.2863636363636364,0.2233593463897705,0.04032256259563748,ablation_results\20260903_093354\results.json,A115_dual_rank_residual,20260727,4,test
screen:LM_3CR_LM_3CR_macrophage_BDMC_in_vitro,36,0.998999573154261,0.3894465894465895,0.2283140283140283,0.7788349110921339,0.0,2.1731282770633698,0.6342312115637269,0.25,0.24569809436798096,0.07170740987296047,0.5,0.0,0.0,ablation_results\20260903_093354\results.json,A115_dual_rank_residual,20260727,4,test
screen:Luke_Raj_133_3_form_RM_Michael_addition_branched_133_form_liver_Mouse_intravenous,23,1.0016158224603087,-0.5009881422924901,0.049407114624505935,0.8048550049001635,0.0,0.8766744136810303,0.20696200531391967,0.3333333333333333,0.8766744136810303,0.20696200531391967,0.4,0.8766744136810303,0.20696200531391967,ablation_results\20260903_093354\results.json,A115_dual_rank_residual,20260727,4,test
screen:Luke_Raj_Branched_ester_RM_Michael_addition_branched_liver_Mouse_intravenous,384,1.0024148697109374,-0.36523832127241107,-0.24276020103163454,0.38084923319768815,0.0,4.944577574729919,0.7795166016289148,0.07692307692307693,4.925507426261902,0.7765101775003258,0.05194805194805195,3.463972806930542,0.5460980781034586,ablation_results\20260903_093354\results.json,A115_dual_rank_residual,20260727,4,test
screen:RM_BL_AG_carbonate_RM_carbonate_generic_cell_nan_in_vitro,709,0.9955737824011233,0.15558940908321517,-0.002472137381242462,0.921238135183562,0.19444444444444445,0.5566061735153198,0.11877007630139202,0.2535211267605634,0.2186415195465088,0.046654297409578424,0.323943661971831,0.0,0.0,ablation_results\20260903_093354\results.json,A115_dual_rank_residual,20260727,4,test
screen:RM_BL_AG_carbonate_RM_carbonate_lung_epithelium_nan_intratracheal,35,0.8580489520137069,0.18446669980106242,-0.16877932669725149,0.824881997893506,0.5,1.4952352046966553,0.31896415587168603,0.25,1.4952352046966553,0.31896415587168603,0.14285714285714285,1.4952352046966553,0.31896415587168603,ablation_results\20260903_093354\results.json,A115_dual_rank_residual,20260727,4,test
screen:Whitehead_siRNA_whitehead_lipidoid_liver_nan_intravenous,90,0.9967933594687501,0.25791767674283866,0.22497520259976772,0.9068571226916854,0.0,0.02697014808654785,0.00949747014131182,0.1111111111111111,0.02697014808654785,0.00949747014131182,0.3888888888888889,0.0004824399948120117,0.00016989003660632834,ablation_results\20260903_093354\results.json,A115_dual_rank_residual,20260727,4,test
screen:A549_form_screen_other_lung_epithelium_A549_in_vitro,157,0.8666835589117907,0.4178809297874412,0.4178809297874412,0.9335794758237949,0.25,0.0,0.0,0.1875,0.0,0.0,0.28125,0.0,0.0,method\benchmark_results\matched_baselines_20260902_171216\predictions.csv,Metadata only / Extra Trees,20260727,4,test
screen:AGILE_3CR_Agile_3CR_generic_cell_HeLa_in_vitro,1100,1.0076963658845832,,,0.9370386284845165,0.0,1.6975317549565612,0.3064516129032258,0.0,1.6975317549565612,0.3064516129032258,0.0,1.6975317549565612,0.3064516129032258,method\benchmark_results\matched_baselines_20260902_171216\predictions.csv,Metadata only / Extra Trees,20260727,4,test
screen:LM_3CR_LM_3CR_macrophage_BDMC_in_vitro,36,1.000111836537056,,,0.7659212784785903,0.0,3.0071679740382784,0.8776470924617189,0.0,2.929355735533843,0.8549374581908911,0.0,2.751384713015819,0.8029963123008496,method\benchmark_results\matched_baselines_20260902_171216\predictions.csv,Metadata only / Extra Trees,20260727,4,test
screen:Luke_Raj_133_3_form_RM_Michael_addition_branched_133_form_liver_Mouse_intravenous,23,0.9976906516277294,0.210553172017554,0.210553172017554,0.8335570786332646,0.0,1.437857769763132,0.3394440672642435,0.0,1.437857769763132,0.3394440672642435,0.4,0.8766744904440105,0.20696202431214442,method\benchmark_results\matched_baselines_20260902_171216\predictions.csv,Metadata only / Extra Trees,20260727,4,test
screen:Luke_Raj_Branched_ester_RM_Michael_addition_branched_liver_Mouse_intravenous,384,1.000604914190957,,,0.4478019963830486,0.05,2.285691335533876,0.36034104748517254,0.05128205128205128,2.285691335533876,0.36034104748517254,0.5324675324675324,2.0118541245653896,0.3171703945160765,method\benchmark_results\matched_baselines_20260902_171216\predictions.csv,Metadata only / Extra Trees,20260727,4,test
screen:RM_BL_AG_carbonate_RM_carbonate_generic_cell_nan_in_vitro,709,0.9966527365970764,,,0.9011172340484588,0.4722222222222222,0.0,0.0,0.23943661971830985,0.0,0.0,0.11971830985915492,0.0,0.0,method\benchmark_results\matched_baselines_20260902_171216\predictions.csv,Metadata only / Extra Trees,20260727,4,test
screen:RM_BL_AG_carbonate_RM_carbonate_lung_epithelium_nan_intratracheal,35,0.8633020536088862,0.28299248357988566,0.28299248357988566,0.8090449407291379,0.0,4.018548647521734,0.8572383807519431,0.5,2.2404125279397324,0.4779256831572391,0.2857142857142857,2.2404125279397324,0.4779256831572391,method\benchmark_results\matched_baselines_20260902_171216\predictions.csv,Metadata only / Extra Trees,20260727,4,test
screen:Whitehead_siRNA_whitehead_lipidoid_liver_nan_intravenous,90,0.9999101261028029,,,0.8372942472435431,0.0,0.026970118691697742,0.009497460247968544,0.1111111111111111,0.026970118691697742,0.009497460247968544,0.2777777777777778,0.026970118691697742,0.009497460247968544,method\benchmark_results\matched_baselines_20260902_171216\predictions.csv,Metadata only / Extra Trees,20260727,4,test
screen:A549_form_screen_other_lung_epithelium_A549_in_vitro,157,0.9756725836743072,0.3788322452952956,0.3788322452952956,0.9454643203531861,0.125,0.3507294546208337,0.07504078303425768,0.4375,0.3507294546208337,0.07504078303425768,0.34375,0.3507294546208337,0.07504078303425768,method\benchmark_results\matched_baselines_20260902_171216\predictions.csv,Ionizable Morgan + metadata / Extra Trees,20260727,4,test
screen:AGILE_3CR_Agile_3CR_generic_cell_HeLa_in_vitro,1100,0.9876432661134427,0.15727540355504852,0.15727540355504852,0.9578994817761568,0.32727272727272727,0.0,0.0,0.37272727272727274,0.0,0.0,0.38636363636363635,0.0,0.0,method\benchmark_results\matched_baselines_20260902_171216\predictions.csv,Ionizable Morgan + metadata / Extra Trees,20260727,4,test
screen:LM_3CR_LM_3CR_macrophage_BDMC_in_vitro,36,0.9913350738405956,0.8494208494208494,0.8494208494208494,0.9565358150103023,0.5,0.1360238370314557,0.03969878839718721,0.5,0.0,0.0,0.75,0.0,0.0,method\benchmark_results\matched_baselines_20260902_171216\predictions.csv,Ionizable Morgan + metadata / Extra Trees,20260727,4,test
screen:Luke_Raj_133_3_form_RM_Michael_addition_branched_133_form_liver_Mouse_intravenous,23,1.0190386725694784,0.44637272467721434,0.44637272467721434,0.8881777476550111,0.5,0.0,0.0,0.3333333333333333,0.0,0.0,0.4,0.0,0.0,method\benchmark_results\matched_baselines_20260902_171216\predictions.csv,Ionizable Morgan + metadata / Extra Trees,20260727,4,test
screen:Luke_Raj_Branched_ester_RM_Michael_addition_branched_liver_Mouse_intravenous,384,1.0508702049144636,-0.20398841705652349,-0.20398841705652349,0.38713974880931595,0.0,4.944577934225891,0.779516623479199,0.05128205128205128,4.944577934225891,0.779516623479199,0.19480519480519481,4.944577934225891,0.779516623479199,method\benchmark_results\matched_baselines_20260902_171216\predictions.csv,Ionizable Morgan + metadata / Extra Trees,20260727,4,test
screen:RM_BL_AG_carbonate_RM_carbonate_generic_cell_nan_in_vitro,709,1.024261844553022,0.08598797347125314,0.08598797347125314,0.9126611467377763,0.1111111111111111,0.2981794727048275,0.06362631297871083,0.28169014084507044,0.2981794727048275,0.06362631297871083,0.4084507042253521,0.2981794727048275,0.06362631297871083,method\benchmark_results\matched_baselines_20260902_171216\predictions.csv,Ionizable Morgan + metadata / Extra Trees,20260727,4,test
screen:RM_BL_AG_carbonate_RM_carbonate_lung_epithelium_nan_intratracheal,35,1.0256463839577625,-0.23320960908790353,-0.23320960908790353,0.7539363975057924,0.0,3.090770526619473,0.6593243864670119,0.0,3.090770526619473,0.6593243864670119,0.0,3.028549209642906,0.6460513106150771,method\benchmark_results\matched_baselines_20260902_171216\predictions.csv,Ionizable Morgan + metadata / Extra Trees,20260727,4,test
screen:Whitehead_siRNA_whitehead_lipidoid_liver_nan_intravenous,90,1.1522421789785426,0.4623882059067269,0.4623882059067269,0.9270079696975303,0.0,0.09460787460011288,0.03331592783964879,0.1111111111111111,0.005308608952044658,0.001869413444946182,0.2222222222222222,0.005308608952044658,0.001869413444946182,method\benchmark_results\matched_baselines_20260902_171216\predictions.csv,Ionizable Morgan + metadata / Extra Trees,20260727,4,test
screen:A549_form_screen_other_lung_epithelium_A549_in_vitro,157,0.9516281917407318,0.44799377318902067,0.3788322452952956,0.9454643158854305,0.125,0.3507295846939087,0.07504081020415024,0.4375,0.3507295846939087,0.07504081020415024,0.34375,0.3507295846939087,0.07504081020415024,method\benchmark_results\dual_head_hybrid_postfix_20260903_093428,validation_selected_neural_tree_hybrid,20260727,4,test
screen:AGILE_3CR_Agile_3CR_generic_cell_HeLa_in_vitro,1100,1.0095989748546566,-0.029765196539784253,0.15727540355504852,0.9578994820209886,0.32727272727272727,0.0,0.0,0.37272727272727274,0.0,0.0,0.38636363636363635,0.0,0.0,method\benchmark_results\dual_head_hybrid_postfix_20260903_093428,validation_selected_neural_tree_hybrid,20260727,4,test
screen:LM_3CR_LM_3CR_macrophage_BDMC_in_vitro,36,0.9991145907789131,0.3894465894465895,0.8494208494208494,0.956535819025116,0.5,0.1360236406326294,0.03969873261063172,0.5,0.0,0.0,0.75,0.0,0.0,method\benchmark_results\dual_head_hybrid_postfix_20260903_093428,validation_selected_neural_tree_hybrid,20260727,4,test
screen:Luke_Raj_133_3_form_RM_Michael_addition_branched_133_form_liver_Mouse_intravenous,23,0.9996932408970536,0.1383399209486166,0.44637272467721434,0.8881777515483854,0.5,0.0,0.0,0.3333333333333333,0.0,0.0,0.4,0.0,0.0,method\benchmark_results\dual_head_hybrid_postfix_20260903_093428,validation_selected_neural_tree_hybrid,20260727,4,test
screen:Luke_Raj_Branched_ester_RM_Michael_addition_branched_liver_Mouse_intravenous,384,1.0014939663532951,-0.36523832127241107,-0.20398841705652349,0.38713975102459,0.0,4.944577574729919,0.7795166016289148,0.05128205128205128,4.944577574729919,0.7795166016289148,0.19480519480519481,4.944577574729919,0.7795166016289148,method\benchmark_results\dual_head_hybrid_postfix_20260903_093428,validation_selected_neural_tree_hybrid,20260727,4,test
screen:RM_BL_AG_carbonate_RM_carbonate_generic_cell_nan_in_vitro,709,0.995488728236637,0.15558940908321517,0.08598797347125314,0.9126611489598038,0.1111111111111111,0.29817938804626465,0.06362629513447625,0.28169014084507044,0.29817938804626465,0.06362629513447625,0.4084507042253521,0.29817938804626465,0.06362629513447625,method\benchmark_results\dual_head_hybrid_postfix_20260903_093428,validation_selected_neural_tree_hybrid,20260727,4,test
screen:RM_BL_AG_carbonate_RM_carbonate_lung_epithelium_nan_intratracheal,35,0.8561764753435004,0.20043420456744138,-0.23320960908790353,0.7539363957967267,0.0,3.090770613402128,0.6593243903034143,0.0,3.090770613402128,0.6593243903034143,0.0,3.0285492911934853,0.6460513136308207,method\benchmark_results\dual_head_hybrid_postfix_20260903_093428,validation_selected_neural_tree_hybrid,20260727,4,test
screen:Whitehead_siRNA_whitehead_lipidoid_liver_nan_intravenous,90,0.997387764644443,0.25791767674283866,0.4623882059067269,0.9270079734061661,0.0,0.09460794925689697,0.03331595252331202,0.1111111111111111,0.005308628082275391,0.0018694200914635567,0.2222222222222222,0.005308628082275391,0.0018694200914635567,method\benchmark_results\dual_head_hybrid_postfix_20260903_093428,validation_selected_neural_tree_hybrid,20260727,4,test
